year,rank,team,engine,points,outof,race1,race2,race3,race4,race5,race6,race7,race8,race9,race10,race11,race12,race13,race14,race15,race16,race17,race18,race19,race20,race21
1958,1,"Vanwall","",48,57,-,8,8,(6),(3),8,8,,,,,,,,,,,,,,
1958,2,"Ferrari","",40,57,6,6,(2),6,8,8,(3),6,,,,,,,,,,,,,
1958,3,"Cooper","Climax",31,,8,8,3,-,-,4,6,-,,,,,,,,,,,,,
1958,4,"BRM","",18,,2,6,2,-,2,-,3,,,,,,,,,,,,,,
1958,5,"Maserati","",6,,3,-,-,-,3,-,-,-,,,,,,,,,,,,,
1958,6,"Lotus","Climax",3,,-,-,3,-,-,-,-,,,,,,,,,,,,,,
1959,1,"Cooper","Climax",40,53,8,(6),(4),8,(3),8,,,,,,,,,,,,,,,
1959,2,"Ferrari","",32,38,6,(2),8,8,(4),,,,,,,,,,,,,,,,
1959,3,"BRM","",18,,-,8,-,6,2,,,,,,,,,,,,,,,,
1959,4,"Lotus","Climax",5,,-,3,-,-,-,-,,,,,,,,,,,,,,,
1960,1,"Cooper","Climax",48,58,8,(6),8,8,8,8,8,,,,,,,,,,,,,,
1960,2,"Lotus","Climax",34,37,(1),8,6,2,(2),6,,,,,,,,,,,,,,,
1960,3,"Ferrari","",26,27,6,4,2,3,-,(1),,,,,,,,,,,,,,,
1960,4,"BRM","",8,,-,2,4,-,-,-,,,,,,,,,,,,,,,
1960,5,"Cooper","Maserati",3,,3,-,-,-,-,-,,,,,,,,,,,,,,,
1960,6,"Cooper","Castellotti",3,,-,-,,,,,,,,,,,,,,,,,,,
1960,7,"Porsche","",1,,,,,,,,,,,,,,,,,,,,,,
1961,1,"Ferrari","",40,52,(6),8,8,8,8,(6),,,,,,,,,,,,,,,
1961,2,"Lotus","Climax",32,,8,4,-,4,-,8,,,,,,,,,,,,,,,
1961,3,"Porsche","",22,23,2,-,(1),6,2,-,,,,,,,,,,,,,,,
1961,4,"Cooper","Climax",14,18,(1),(1),2,2,3,(2),,,,,,,,,,,,,,,
1961,5,"BRM","Climax",7,,-,-,-,1,-,-,,,,,,,,,,,,,,,
1962,1,"BRM","",42,56,9,(1),6,(4),(3),9,9,,,,,,,,,,,,,,
1962,2,"Lotus","Climax",36,38,6,-,9,-,9,3,-,,,,,,,,,,,,,,
1962,3,"Cooper","Climax",29,37,(2),9,-,6,4,(2),(4),,,,,,,,,,,,,,
1962,4,"Lola","Climax",19,,-,3,2,2,6,6,-,,,,,,,,,,,,,,
1962,5,"Porsche","",18,19,1,2,-,9,-,4,(1),,,,,,,,,,,,,,
1962,6,"Ferrari","",18,,4,6,4,-,-,1,,,,,,,,,,,,,,,
1962,7,"Brabham","Climax",6,,-,,,,,,,,,,,,,,,,,,,,
1962,8,"Lotus","BRM",1,,-,-,-,-,-,,,,,,,,,,,,,,,,
1963,1,"Lotus","Climax",54,74,(1),9,9,9,9,(6),9,(4),,,,,,,,,,,,,
1963,2,"BRM","",36,45,9,(3),(2),-,4,4,6,9,,,,,,,,,,,,,
1963,3,"Brabham","Climax",28,30,-,4,6,3,-,-,(2),3,,,,,,,,,,,,,
1963,4,"Ferrari","",26,,3,-,4,-,6,9,-,2,,,,,,,,,,,,,
1963,5,"Cooper","Climax",25,26,4,6,-,6,-,(1),4,-,,,,,,,,,,,,,
1963,6,"BRP","BRM",6,,-,3,-,-,3,,,,,,,,,,,,,,,,
1963,7,"Porsche","",5,,1,-,-,3,-,1,,,,,,,,,,,,,,,
1963,8,"Lotus","BRM",4,,-,-,-,1,1,2,-,-,,,,,,,,,,,,,
1964,1,"Ferrari","",45,49,-,6,-,-,(4),9,9,9,,,,,,,,,,,,,
1964,2,"BRM","",42,51,9,(3),(3),6,6,6,6,(3),,,,,,,,,,,,,
1964,3,"Lotus","Climax",37,40,4,9,9,3,9,-,-,(1),,,,,,,,,,,,,
1964,4,"Brabham","Climax",30,,-,1,4,9,3,-,4,-,,,,,,,,,,,,,
1964,5,"Cooper","Climax",16,,2,-,6,1,1,-,-,6,,,,,,,,,,,,,
1964,6,"Brabham","BRM",7,,-,-,-,-,3,-,-,,,,,,,,,,,,,,
1964,7,"BRP","BRM",5,,-,-,-,-,-,2,2,,,,,,,,,,,,,,
1964,8,"Lotus","BRM",3,,1,2,-,-,-,-,-,-,,,,,,,,,,,,,
1965,1,"Lotus","Climax",54,58,9,-,9,9,9,9,9,-,,,,,,,,,,,,,
1965,2,"BRM","",45,61,(4),9,6,6,6,(6),(6),9,,,,,,,,,,,,,
1965,3,"Brabham","Climax",27,31,-,-,3,(3),(1),4,4,4,,,,,,,,,,,,,
1965,4,"Ferrari","",26,27,6,6,-,4,4,-,(1),3,,,,,,,,,,,,,
1965,5,"Cooper","Climax",14,,2,2,4,-,-,-,3,2,,,,,,,,,,,,,
1965,6,"Honda","",11,,-,1,-,-,1,-,-,,,,,,,,,,,,,,
1965,7,"Brabham","BRM",5,,-,1,-,1,-,-,-,-,,,,,,,,,,,,,
1965,8,"Lotus","BRM",2,,-,-,-,-,-,-,-,1,,,,,,,,,,,,,
1966,1,"Brabham","Repco",42,49,-,(3),9,9,9,9,(4),,,,,,,,,,,,,,
1966,2,"Ferrari","",31,32,6,9,6,-,(1),1,,,,,,,,,,,,,,,
1966,3,"Cooper","Maserati",30,35,-,6,3,(2),-,6,(3),,,,,,,,,,,,,,
1966,4,"BRM","",22,,9,-,-,4,6,3,-,,,,,,,,,,,,,,
1966,5,"Lotus","BRM",13,,-,-,-,-,2,-,2,,,,,,,,,,,,,,
1966,6,"Lotus","Climax",8,,-,-,-,3,4,-,-,,,,,,,,,,,,,,
1966,7,"Eagle","Climax",4,,-,-,2,-,-,-,-,,,,,,,,,,,,,,
1966,8,"Honda","",3,,-,,,,,,,,,,,,,,,,,,,,
1966,9,"McLaren","Ford",2,,-,-,-,-,-,,,,,,,,,,,,,,,,
1966,10,"Brabham","Climax",1,,-,-,-,-,-,,,,,,,,,,,,,,,,
1966,11,"Brabham","BRM",1,,-,1,-,-,,,,,,,,,,,,,,,,,
1966,12,"McLaren","Serenissima",1,,-,-,,,,,,,,,,,,,,,,,,,
1967,1,"Brabham","Repco",63,67,3,9,6,-,9,6,9,9,6,,,,,,,,,,,,
1967,2,"Lotus","Ford Cosworth",44,,9,1,-,9,-,3,4,,,,,,,,,,,,,,
1967,3,"Cooper","Maserati",28,,9,2,-,3,3,2,2,-,3,,,,,,,,,,,,
1967,4,"Honda","",20,,4,-,-,-,-,1,3,9,,,,,,,,,,,,,
1967,5,"Ferrari","",20,,4,3,4,-,4,4,1,-,,,,,,,,,,,,,
1967,6,"BRM","",17,,-,1,-,6,4,-,-,2,2,,,,,,,,,,,,
1967,7,"Eagle","Weslake",13,,-,-,-,9,-,-,-,4,-,,,,,,,,,,,,
1967,8,"Lotus","BRM",6,,-,6,-,,,,,,,,,,,,,,,,,,
1967,9,"Cooper","Climax",6,,,,,,,,,,,,,,,,,,,,,,
1967,10,"McLaren","BRM",3,,3,-,-,-,-,,,,,,,,,,,,,,,,
1967,11,"Brabham","Climax",2,,2,-,-,-,,,,,,,,,,,,,,,,,
1968,1,"Lotus","Ford Cosworth",62,,9,9,9,2,-,-,9,6,-,3,,,,,,,,,,,
1968,2,"McLaren","Ford Cosworth",49,,6,2,9,-,2,3,-,9,9,,,,,,,,,,,,
1968,3,"Matra","Ford Cosworth",45,,1,2,-,3,9,4,1,9,6,1,,,,,,,,,,,
1968,4,"Ferrari","",32,,3,-,4,3,9,6,3,4,-,,,,,,,,,,,,
1968,5,"BRM","",28,,-,-,6,6,4,1,-,1,3,4,,,,,,,,,,,
1968,6,"Honda","",14,,-,-,-,-,-,6,2,-,-,-,,,,,,,,,,,
1968,7,"Cooper","BRM",14,,4,4,1,-,3,-,-,-,2,,,,,,,,,,,,
1968,8,"Brabham","Repco",10,,4,-,-,-,2,-,-,4,-,-,,,,,,,,,,,
1968,9,"Matra","",8,,-,-,6,-,-,-,2,-,,,,,,,,,,,,,
1968,10,"McLaren","BRM",3,,2,-,-,-,-,-,-,1,,,,,,,,,,,,,
1969,1,"Matra","Ford Cosworth",66,,9,9,-,9,9,9,6,9,3,,,,,,,,,,,,
1969,2,"Brabham","Ford Cosworth",49,51,-,1,6,2,4,6,9,(2),9,,,,,,,,,,,,
1969,3,"Lotus","Ford Cosworth",47,,6,-,9,6,1,3,3,6,4,,,,,,,,,,,,
1969,4,"McLaren","Ford Cosworth",38,40,4,6,(2),3,3,4,4,3,2,,,,,,,,,,,,
1969,5,"BRM","",7,,-,2,-,-,-,-,-,-,,,,,,,,,,,,,
1969,6,"Ferrari","",7,,-,-,-,4,-,-,-,1,-,,,,,,,,,,,,
1970,1,"Lotus","Ford Cosworth",59,,2,3,9,-,9,9,9,9,-,-,-,,,,,,,,,,
1970,2,"Ferrari","",52,55,-,-,-,3,4,-,3,6,9,9,9,,,,,,,,,,
1970,3,"March","Ford Cosworth",48,,4,9,-,6,6,6,2,-,-,6,4,,,,,,,,,,
1970,4,"Brabham","Ford Cosworth",35,,9,-,6,2,-,4,6,2,4,2,-,,,,,,,,,,
1970,5,"McLaren","Ford Cosworth",35,,6,6,3,-,1,3,4,4,-,3,1,,,,,,,,,,
1970,6,"BRM","",23,,-,-,1,9,-,-,-,-,3,-,3,,,,,,,,,,
1970,7,"Matra","",23,,3,-,4,4,2,2,-,1,1,4,-,,,,,,,,,,
1970,8,"Surtees","Ford Cosworth",3,,-,-,-,-,2,,,,,,,,,,,,,,,,
1971,1,"Tyrrell","Ford Cosworth",73,,6,9,9,-,9,9,9,-,4,,,,,,,,,,,,
1971,2,"BRM","",36,,-,3,-,6,3,-,-,9,9,,,,,,,,,,,,
1971,3,"Ferrari","",33,,9,6,4,9,-,-,4,-,-,,,,,,,,,,,,
1971,4,"March","Ford Cosworth",33,34,-,-,6,3,-,6,2,(1),6,,,,,,,,,,,,
1971,5,"Lotus","Ford Cosworth",21,,3,-,2,-,4,4,-,6,-,,,,,,,,,,,,
1971,6,"McLaren","Ford Cosworth",10,,1,2,3,-,-,-,-,-,-,,,,,,,,,,,,
1971,7,"Matra","",9,,2,4,-,-,2,-,-,-,1,,,,,,,,,,,,
1971,8,"Surtees","Ford Cosworth",8,,-,-,1,2,-,2,-,-,3,,,,,,,,,,,,
1971,9,"Brabham","Ford Cosworth",5,,-,-,-,-,-,-,1,4,-,,,,,,,,,,,,
1972,1,"Lotus","Ford Cosworth",61,,-,6,9,4,9,6,9,-,9,9,,,,,,,,,,,
1972,2,"Tyrrell","Ford Cosworth",51,,9,-,-,3,6,9,6,-,-,-,,,,,,,,,,,
1972,3,"McLaren","Ford Cosworth",47,49,6,9,2,2,4,-,4,(2),6,4,,,,,,,,,,,
1972,4,"Ferrari","",33,,4,3,6,6,-,-,1,9,-,-,,,,,,,,,,,
1972,5,"Surtees","Ford Cosworth",18,,2,-,3,-,3,1,-,-,3,6,,,,,,,,,,,
1972,6,"March","Ford Cosworth",15,,1,2,1,-,2,2,-,4,-,-,,,,,,,,,,,
1972,7,"BRM","",14,,-,-,-,9,-,-,-,3,1,1,,,,,,,,,,,
1972,8,"Matra","",12,,-,-,-,1,1,4,3,-,2,-,,,,,,,,,,,
1972,9,"Brabham","Ford Cosworth",7,,-,1,-,-,-,-,-,1,-,2,,,,,,,,,,,
1973,1,"Lotus","Ford Cosworth",92,96,9,9,4,9,(4),6,6,9,6,-,1,9,9,,,,,,,,
1973,2,"Tyrrell","Ford Cosworth",82,86,6,6,9,6,9,9,(4),6,2,9,9,6,3,,,,,,,,
1973,3,"McLaren","Ford Cosworth",58,,2,4,6,3,-,2,9,-,9,3,4,-,4,,,,,,,,
1973,4,"Brabham","Ford Cosworth",22,,1,-,-,-,3,-,3,4,1,-,2,3,1,,,,,,,,
1973,5,"March","Ford Cosworth",14,,-,-,-,-,-,-,-,1,3,4,-,-,-,,,,,,,,
1973,6,"Ferrari","",12,,3,3,3,-,-,-,1,2,-,-,-,-,-,,,,,,,,
1973,7,"BRM","",12,,-,1,-,2,2,-,-,-,-,2,-,2,-,,,,,,,,
1973,8,"Shadow","Ford Cosworth",9,,-,1,4,-,-,-,-,-,-,-,-,-,,,,,,,,,
1973,9,"Surtees","Ford Cosworth",7,,-,-,-,-,-,-,-,-,-,-,3,4,-,,,,,,,,
1973,10,"Iso-Marlboro","Ford Cosworth",2,,-,-,-,-,-,-,-,-,-,1,-,-,-,,,,,,,,
1973,11,"Tecno","",1,,1,-,-,-,-,-,-,,,,,,,,,,,,,,
1974,1,"McLaren","Ford Cosworth",73,75,9,9,4,4,9,(2),3,4,1,6,-,6,6,,,,,,,,
1974,2,"Ferrari","",65,,6,6,-,9,6,3,-,9,6,3,9,2,-,,,,,,,,
1974,3,"Tyrrell","Ford Cosworth",52,,1,-,3,2,4,6,9,2,3,9,6,-,4,,,,,,,,
1974,4,"Lotus","Ford Cosworth",42,,-,4,-,-,-,9,-,-,9,4,3,-,9,,,,,,,,
1974,5,"Brabham","Ford Cosworth",35,,-,-,9,-,-,1,-,-,-,1,4,9,2,,,,,,,,
1974,6,"Hesketh","Ford Cosworth",15,,-,-,-,-,4,-,-,-,-,4,-,,,,,,,,,,
1974,7,"BRM","",10,,2,-,6,-,2,-,-,-,-,-,-,-,-,,,,,,,,
1974,8,"Shadow","Ford Cosworth",7,,-,-,-,-,-,4,2,-,-,-,1,-,-,,,,,,,,
1974,9,"March","Ford Cosworth",6,,-,-,2,3,-,-,-,-,-,-,-,1,-,,,,,,,,
1974,10,"Iso-Marlboro","Ford Cosworth",4,,-,-,1,-,-,-,-,-,-,-,-,-,3,,,,,,,,
1974,11,"Surtees","Ford Cosworth",3,,-,3,-,-,-,-,-,-,-,-,-,-,-,,,,,,,,
1974,12,"Lola","Ford Cosworth",1,,-,-,-,-,-,-,1,-,-,-,-,-,-,,,,,,,,
1975,1,"Ferrari","",72.50,,3,3,2,-,9,9,9,6,9,-,4,0.5,9,,,,,,,,
1975,2,"Brabham","Ford Cosworth",54,56,4,9,6,(2),4,4,6,3,-,6,9,-,,,,,,,,,
1975,3,"McLaren","Ford Cosworth",53,,9,6,1,4.5,6,-,-,-,4,9,-,1.5,,,,,,,,,
1975,4,"Hesketh","Ford Cosworth",33,,6,1,-,-,-,-,-,9,6,3,-,3,,,,,,,,,
1975,5,"Tyrrell","Ford Cosworth",25,,2,-,9,-,2,6,-,-,1,4,-,-,,,,,,,,,
1975,6,"Shadow","Ford Cosworth",9.50,,-,-,-,1.5,-,1,-,1,-,-,3,2,1,,,,,,,,
1975,7,"Lotus","Ford Cosworth",9,,-,-,-,3,3,-,-,-,-,-,-,1,,,,,,,,,
1975,8,"March","Ford Cosworth",7.50,,-,-,-,1,-,-,-,-,-,2,-,4.5,-,,,,,,,,
1975,9,"Williams","Ford Cosworth",6,,-,-,-,-,-,-,-,-,-,-,6,-,,,,,,,,,
1975,10,"Parnelli","Ford Cosworth",5,,-,-,-,-,-,3,2,-,-,-,,,,,,,,,,,
1975,11,"Hill","Ford Cosworth",3,,-,-,-,1,-,-,-,2,-,,,,,,,,,,,,
1975,12,"Penske","Ford Cosworth",2,,-,-,-,-,-,-,2,-,,,,,,,,,,,,,
1975,13,"Ensign","Ford Cosworth",1,,-,-,-,-,-,-,-,1,-,,,,,,,,,,,,
1976,1,"Ferrari","",83,,9,9,9,6,9,9,4,-,9,-,-,6,6,1,,,,,,,
1976,2,"McLaren","Ford Cosworth",74,75,1,6,2,9,(1),2,2,9,-,9,3,9,-,9,,,,,,,
1976,3,"Tyrrell","Ford Cosworth",71,,6,3,4,-,3,6,9,6,6,6,-,2,2,6,,,,,,,
1976,4,"Lotus","Ford Cosworth",29,,-,-,-,4,-,-,-,2,-,2,4,4,-,4,,,,,,,
1976,5,"Penske","Ford Cosworth",20,,-,2,-,-,-,-,-,4,4,-,9,-,-,-,,,,,,,
1976,6,"Ligier","Matra",20,,-,-,3,-,4,-,3,-,-,-,6,-,4,-,,,,,,,
1976,7,"March","Ford Cosworth",19,,3,-,-,-,-,3,-,-,-,-,1,1,9,-,,,,,,,
1976,8,"Shadow","Ford Cosworth",10,,4,-,-,-,-,-,-,-,3,-,-,3,-,-,,,,,,,
1976,9,"Brabham","Alfa Romeo",9,,-,-,-,3,-,-,-,3,-,3,-,-,-,-,,,,,,,
1976,10,"Surtees","Ford Cosworth",7,,-,-,-,2,-,-,-,2,-,-,-,-,-,,,,,,,,
1976,11,"Copersucar","Ford Cosworth",3,,-,-,1,-,-,1,-,-,1,-,-,-,-,-,,,,,,,
1976,12,"Ensign","Ford Cosworth",2,,-,-,2,-,-,-,-,-,-,-,-,-,-,,,,,,,,
1976,13,"Parnelli","Ford Cosworth",1,,,,,,,,,,,,,,,,,,,,,,
1977,1,"Ferrari","",95,97,4,9,9,6,6,6,6,4,(2),6,9,6,9,6,3,,,,,,
1977,2,"Lotus","Ford Cosworth",62,,2,2,-,9,9,2,9,1,9,4,-,-,-,9,6,,,,,,
1977,3,"McLaren","Ford Cosworth",60,,-,6,3,-,3,3,-,6,4,9,-,1,-,3,9,,,,,,
1977,4,"Wolf","Ford Cosworth",55,,9,-,6,4,4,9,-,-,-,-,6,-,4,-,4,,,,,,
1977,5,"Brabham","Alfa Romeo",27,,6,-,1,-,1,-,1,2,6,2,4,4,-,-,-,,,,,,
1977,6,"Tyrrell","Ford Cosworth",27,,-,-,4,3,-,-,4,3,-,-,-,2,-,1,-,,,,,,
1977,7,"Shadow","Ford Cosworth",23,,-,1,-,-,-,1,2,-,-,-,-,9,-,4,-,,,,,,
1977,8,"Ligier","Matra",18,,-,-,-,-,-,-,-,9,-,1,-,-,6,-,-,,,,,,
1977,9,"Copersucar","Ford Cosworth",11,,3,3,-,2,-,-,-,-,-,-,-,-,3,-,,,,,,,
1977,10,"Ensign","Ford Cosworth",10,,1,-,-,-,-,-,-,-,-,-,1,-,2,2,2,,,,,,
1977,11,"Surtees","Ford Cosworth",6,,-,-,-,-,-,-,3,-,-,-,2,-,-,-,-,,,,,,
1977,12,"Penske","Ford Cosworth",1,,1,-,-,-,-,-,-,-,-,-,-,,,,,,,,,,
1978,1,"Lotus","Ford Cosworth",86,,9,3,9,6,-,9,9,4,9,-,9,9,9,1,,,,,,,
1978,2,"Ferrari","",58,,-,9,-,9,-,4,-,-,-,9,-,4,1,4,,,,,,,
1978,3,"Brabham","Alfa Romeo",53,,6,4,4,-,6,-,2,9,3,6,-,-,4,9,,,,,,,
1978,4,"Tyrrell","Ford Cosworth",38,,4,1,6,4,9,1,-,-,-,3,2,6,-,-,,,,,,,
1978,5,"Wolf","Ford Cosworth",24,,-,-,-,-,4,-,3,-,1,-,6,-,-,-,,,,,,,
1978,6,"Ligier","Matra",19,,-,-,2,2,-,2,4,-,-,-,4,2,-,3,,,,,,,
1978,7,"Copersucar","Ford Cosworth",17,,-,6,-,-,-,-,-,1,-,-,3,3,2,-,,,,,,,
1978,8,"McLaren","Ford Cosworth",15,,3,-,-,-,-,-,1,3,4,1,-,-,-,2,,,,,,,
1978,9,"Williams","Ford Cosworth",11,,-,-,3,-,-,-,-,-,2,-,-,-,-,-,,,,,,,
1978,10,"Arrows","Ford Cosworth",11,,-,-,1,1,-,-,6,-,-,-,-,-,-,,,,,,,,
1978,11,"Shadow","Ford Cosworth",6,,-,2,-,-,-,-,-,2,-,2,-,-,-,-,,,,,,,
1978,12,"Renault","",3,,-,-,-,-,-,-,-,-,-,-,-,-,,,,,,,,,
1978,13,"Surtees","Ford Cosworth",1,,-,-,-,-,-,-,-,-,-,-,-,1,-,-,,,,,,,
1978,14,"Ensign","Ford Cosworth",1,,-,-,-,-,-,-,-,-,-,-,-,-,-,-,,,,,,,
1979,1,"Ferrari","",113,,-,3,15,15,3,9,9,6,2,3,9,6,15,,,,,,,,
1979,2,"Williams","Ford Cosworth",75,,-,-,-,4,-,-,6,4,9,15,11,9,4,,,,,,,,
1979,3,"Ligier","Ford Cosworth",61,,12,15,-,2,9,6,2,-,1,4,4,6,-,,,,,,,,
1979,4,"Lotus","Ford Cosworth",39,,8,4,5,3,10,3,4,-,-,-,-,-,2,,,,,,,,
1979,5,"Tyrrell","Ford Cosworth",28,,-,3,4,1,3,4,-,2,4,-,-,-,1,,,,,,,,
1979,6,"Renault","",26,,-,-,-,-,-,-,-,13,6,-,1,-,-,,,,,,,,
1979,7,"McLaren","Ford Cosworth",15,,4,-,-,-,-,1,3,-,3,2,-,-,-,,,,,,,,
1979,8,"Brabham","Alfa Romeo",7,,-,-,1,-,-,-,-,-,-,-,-,,,,,,,,,,
1979,9,"Arrows","Ford Cosworth",5,,-,-,-,-,-,2,1,-,-,1,-,1,-,,,,,,,,
1979,10,"Shadow","Ford Cosworth",3,,-,-,-,-,-,-,-,-,-,-,-,-,-,,,,,,,,
1979,11,"ATS","Ford Cosworth",2,,-,-,-,-,-,-,-,-,-,-,-,-,-,,,,,,,,
1979,12,"Copersucar","Ford Cosworth",1,,1,-,-,-,-,-,-,-,-,-,-,-,-,,,,,,,,
1980,1,"Williams","Ford Cosworth",120,,9,4,2,-,10,9,10,13,10,10,3,10,,,,,,,,,
1980,2,"Ligier","Ford Cosworth",66,,-,3,10,1,9,6,10,-,9,3,4,1,,,,,,,,,
1980,3,"Brabham","Ford Cosworth",55,,6,-,3,9,-,4,3,6,3,2,9,9,,,,,,,,,
1980,4,"Renault","",38,,-,9,9,-,3,-,2,-,-,9,6,-,,,,,,,,,
1980,5,"Lotus","Ford Cosworth",14,,-,6,-,-,-,-,-,-,-,1,-,3,,,,,,,,,
1980,6,"Tyrrell","Ford Cosworth",12,,3,-,-,-,2,-,-,5,-,-,2,-,,,,,,,,,
1980,7,"Arrows","Ford Cosworth",11,,-,1,1,6,-,3,-,-,-,-,-,-,,,,,,,,,
1980,8,"Fittipaldi","Ford Cosworth",11,,4,-,-,4,-,1,-,-,-,-,-,2,,,,,,,,,
1980,9,"McLaren","Ford Cosworth",11,,1,2,-,3,-,-,-,1,-,-,1,-,,,,,,,,,
1980,10,"Ferrari","",8,,-,-,-,2,1,2,-,-,1,-,-,-,,,,,,,,,
1980,11,"Alfa Romeo","",4,,2,-,-,-,-,-,-,-,2,-,-,-,,,,,,,,,
1981,1,"Williams","Ford Cosworth",95,,15,15,9,4,9,6,3,-,6,-,5,4,10,,,,,,,,
1981,2,"Brabham","Ford Cosworth",61,,4,-,9,12,-,-,-,4,2,12,4,9,1,,,,,,,,
1981,3,"Renault","",54,,-,-,6,-,-,-,-,12,-,6,6,9,9,,,,,,,,
1981,4,"Ligier","Matra",44,,-,1,-,-,6,4,6,-,4,4,9,-,-,,,,,,,,
1981,5,"Ferrari","",34,,-,-,-,2,3,12,9,2,-,-,-,-,2,,,,,,,,
1981,6,"McLaren","Ford Cosworth",28,,-,-,-,1,-,-,4,6,9,1,1,-,-,,,,,,,,
1981,7,"Lotus","Ford Cosworth",22,,-,2,1,-,6,-,3,1,-,-,-,2,3,,,,,,,,
1981,8,"Arrows","Ford Cosworth",10,,-,4,-,6,-,-,-,-,-,-,-,-,-,,,,,,,,
1981,9,"Alfa Romeo","",10,,3,-,-,-,-,-,-,-,-,-,-,-,-,,,,,,,,
1981,10,"Tyrrell","Ford Cosworth",10,,2,-,-,-,1,2,-,-,3,2,-,-,-,,,,,,,,
1981,11,"Ensign","Ford Cosworth",5,,-,3,-,-,-,1,-,-,-,-,-,1,-,,,,,,,,
1981,12,"Theodore","Ford Cosworth",1,,1,-,-,-,-,-,-,-,-,-,-,-,-,,,,,,,,
1981,13,"ATS","Ford Cosworth",1,,-,-,-,-,-,-,-,-,1,-,-,-,-,,,,,,,,
1982,1,"Ferrari","",74,,-,1,-,15,-,6,4,-,9,10,7,9,3,-,,,,,,,
1982,2,"McLaren","Ford Cosworth",69,,4,6,10,9,-,9,4,3,9,-,-,2,4,,,,,,,,
1982,3,"Renault","",62,,13,9,-,-,-,-,-,-,-,1,15,6,-,6,,,,,,,
1982,4,"Williams","Ford Cosworth",58,,8,-,6,6,1,5,-,6,2,2,4,6,9,,,,,,,,
1982,5,"Lotus","Ford Cosworth",30,,-,4,2,3,5,-,3,-,3,-,-,9,1,,,,,,,,
1982,6,"Tyrrell","Ford Cosworth",25,,-,3,3,4,-,-,-,-,-,-,1,3,-,-,,,,,,,
1982,7,"Brabham","BMW",22,,-,2,-,-,9,6,-,-,-,-,5,,,,,,,,,,
1982,8,"Ligier","Matra",20,,-,-,-,4,-,7,-,-,-,-,-,4,-,,,,,,,,
1982,9,"Brabham","Ford Cosworth",19,,-,4,9,,,,,,,,,,,,,,,,,,
1982,10,"Alfa Romeo","",7,,-,-,-,-,-,4,-,1,-,-,-,2,-,-,,,,,,,
1982,11,"Arrows","Ford Cosworth",5,,-,-,-,-,-,-,2,1,-,-,1,1,-,,,,,,,,
1982,12,"ATS","Ford Cosworth",4,,-,2,-,2,-,-,-,-,-,-,-,-,-,-,,,,,,,
1982,13,"Osella","Ford Cosworth",3,,-,-,-,3,-,-,-,-,-,-,-,-,-,-,,,,,,,
1982,14,"Fittipaldi","Ford Cosworth",1,,-,-,-,1,-,-,-,-,-,-,-,-,-,,,,,,,,
1983,1,"Ferrari","",89,,2,4,3,13,3,6,-,13,6,9,6,15,9,,,,,,,,
1983,2,"Renault","",79,,-,-,13,6,4,13,-,8,9,3,12,-,4,,,,,,,,
1983,3,"Brabham","BMW",72,,9,-,6,-,6,3,3,-,6,4,4,-,9,,,,,,,,
1983,4,"Williams","Ford Cosworth",36,,3,3,3,3,9,3,8,3,-,1,-,-,,,,,,,,,
1983,5,"McLaren","Ford Cosworth",34,,4,15,-,2,-,-,4,1,1,2,1,,,,,,,,,,
1983,6,"Alfa Romeo","",18,,-,-,-,-,1,-,-,-,-,6,-,2,-,,,,,,,,
1983,7,"Tyrrell","Ford Cosworth",12,,-,-,-,-,2,-,9,-,-,-,-,1,-,,,,,,,,
1983,8,"Lotus","Renault",11,,-,-,-,-,-,-,-,3,-,2,-,2,,,,,,,,,
1983,9,"Toleman","Hart",10,,-,-,-,-,-,-,-,-,-,-,-,3,1,,,,,,,,
1983,10,"Arrows","Ford Cosworth",4,,1,2,-,1,-,-,-,-,-,-,-,-,-,,,,,,,,
1983,11,"Williams","",2,,2,,,,,,,,,,,,,,,,,,,,
1983,12,"Theodore","Ford Cosworth",1,,-,1,-,-,-,-,-,-,-,-,-,-,,,,,,,,,
1983,13,"Lotus","Ford Cosworth",1,,-,-,-,-,-,-,,,,,,,,,,,,,,,
1984,1,"McLaren","TAG Porsche",143.50,,9,15,-,9,9,4.5,10,3,-,9,15,9,15,9,12,,,,,,
1984,2,"Ferrari","",57.50,,-,-,13,6,3,2.5,2,-,6,3,1,4,-,6,8,,,,,,
1984,3,"Lotus","Renault",47,,4,-,2,4,6,1,4,6,5,3,3,-,7,-,,,,,,,
1984,4,"Brabham","BMW",38,,-,-,-,-,-,-,9,13,-,-,-,9,2,-,,,,,,,
1984,5,"Renault","",34,,2,4,6,3,6,-,-,-,-,6,6,-,1,-,,,,,,,
1984,6,"Williams","",25.50,,6,-,3,-,1,1.5,-,2,12,-,-,-,-,-,-,,,,,,
1984,7,"Toleman","Hart",16,,-,1,1,-,-,3,-,-,-,4,-,-,-,3,,,,,,,
1984,8,"Alfa Romeo","",11,,3,3,-,-,-,-,-,-,-,-,-,-,-,4,,,,,,,
1984,9,"Ligier","Renault",3,,-,2,-,1,-,-,-,-,-,-,-,-,-,-,,,,,,,
1984,10,"Arrows","Ford Cosworth",3,,1,-,-,2,-,-,,,,,,,,,,,,,,,
1984,11,"Arrows","BMW",3,,-,-,-,-,-,-,-,-,-,3,-,-,,,,,,,,,
1984,12,"Osella","Alfa Romeo",2,,-,-,-,-,-,-,-,-,2,-,-,-,-,-,,,,,,,
1985,1,"McLaren","TAG Porsche",90,,9,-,3,9,4,-,4,9,8,9,15,9,4,3,,,,,,,
1985,2,"Ferrari","",82,,9,6,1,6,15,10,3,6,9,7,3,2,-,-,,,,,,,
1985,3,"Williams","",71,,-,2,2,-,4,9,6,-,1,-,1,-,9,13,,,,,,,
1985,4,"Lotus","Renault",71,,4,12,9,4,2,2,2,-,-,8,6,5,9,8,,,,,,,
1985,5,"Brabham","BMW",26,,-,-,-,-,-,1,9,4,-,1,-,9,2,-,,,,,,,
1985,6,"Ligier","Renault",23,,1,-,-,4,-,-,-,4,4,-,-,-,-,,,,,,,,
1985,7,"Renault","",16,,2,4,4,2,-,-,1,2,-,-,-,-,1,,,,,,,,
1985,8,"Arrows","BMW",14,,-,-,6,-,-,-,-,-,3,-,-,-,-,1,,,,,,,
1985,9,"Tyrrell","Ford Cosworth",4,,-,1,-,-,-,3,-,-,,,,,,,,,,,,,
1985,10,"Tyrrell","Renault",3,,-,-,-,-,-,-,-,-,,,,,,,,,,,,,
1986,1,"Williams","",141,,9,6,6,3,9,13,2,13,15,13,13,-,15,13,,,,,,,
1986,2,"McLaren","TAG Porsche",96,,-,7,11,15,1,9,4,9,4,3,-,9,3,6,,,,,,,
1986,3,"Lotus","Renault",58,,6,9,-,4,6,2,9,-,-,6,8,-,-,3,,,,,,,
1986,4,"Ferrari","",37,,-,-,3,-,7,-,3,-,-,-,3,10,4,3,,,,,,,
1986,5,"Ligier","Renault",29,,7,-,-,3,2,1,6,3,3,3,-,-,-,-,,,,,,,
1986,6,"Benetton","BMW",19,,1,3,4,-,-,-,-,-,-,-,-,-,2,-,,,,,,,
1986,7,"Tyrrell","Renault",11,,2,-,-,-,-,-,-,-,3,-,1,-,-,-,,,,,,,
1986,8,"Lola","Ford Cosworth",6,,-,-,-,-,-,-,-,-,-,5,1,-,,,,,,,,,
1986,9,"Brabham","BMW",2,,-,-,1,-,-,-,1,-,-,-,-,-,-,-,,,,,,,
1986,10,"Arrows","BMW",1,,-,-,-,-,-,-,-,-,-,-,-,1,-,-,,,,,,,
1987,1,"Williams","",137,,7,9,-,6,8,15,15,9,9,15,13,4,12,15,,,,,,,
1987,2,"McLaren","TAG Porsche",76,,13,3,15,-,4,4,-,6,4,1,1,11,10,-,,,,,,,
1987,3,"Lotus","",64,,-,7,2,9,9,3,7,4,6,2,6,-,2,-,,,,,,,
1987,4,"Ferrari","",53,,3,4,-,7,3,-,-,-,-,-,3,6,-,-,,,,,,,
1987,5,"Benetton","Ford Cosworth",28,,2,-,-,-,-,2,1,-,3,7,2,3,-,2,,,,,,,
1987,6,"Tyrrell","Ford Cosworth",11,,-,-,-,2,-,1,-,5,-,-,-,-,-,-,,,,,,,
1987,7,"Arrows","Megatron",11,,-,-,3,-,1,-,2,-,1,-,-,1,-,3,,,,,,,
1987,8,"Brabham","BMW",10,,-,-,4,-,-,-,-,-,2,-,-,-,-,4,,,,,,,
1987,9,"Lola","Ford Cosworth",3,,-,-,-,-,-,-,-,1,-,-,-,-,1,1,,,,,,,
1987,10,"Zakspeed","",2,,-,2,-,-,-,-,-,-,-,-,-,-,-,-,,,,,,,
1987,11,"Ligier","Megatron",1,,-,1,-,-,-,-,-,-,-,-,-,-,-,,,,,,,,
1987,12,"AGS","Ford Cosworth",1,,-,-,-,-,-,-,-,-,-,-,-,-,-,-,,,,,,,
1987,13,"March","Ford Cosworth",1,,-,-,-,1,-,-,-,-,-,-,-,-,-,-,,,,,,,
1988,1,"McLaren","",199,,9,15,9,15,15,15,15,9,15,15,15,-,10,12,,,,,,,
1988,2,"Ferrari","",65,,8,2,10,7,-,-,7,-,7,3,-,15,2,1,,,,,,,
1988,3,"Benetton","Ford Cosworth",39,,-,4,-,-,4,4,1,4,1,4,-,1,4,4,,,,,,,
1988,4,"Lotus","",23,,5,4,-,-,3,-,2,2,-,-,3,-,-,-,,,,,,,
1988,5,"Arrows","Megatron",23,,3,-,3,3,-,-,-,1,-,-,3,7,3,-,,,,,,,
1988,6,"March","Judd",22,,-,-,-,-,2,-,-,3,2,2,4,2,6,-,,,,,,,
1988,7,"Williams","Judd",20,,-,-,1,-,-,-,-,6,-,1,-,-,-,8,,,,,,,
1988,8,"Tyrrell","Ford Cosworth",5,,-,-,2,-,1,2,-,-,-,-,-,-,-,-,,,,,,,
1988,9,"Rial","Ford Cosworth",3,,-,-,-,-,-,3,-,-,-,-,-,-,-,-,,,,,,,
1988,10,"Minardi","Ford Cosworth",1,,-,-,-,-,-,1,-,-,-,-,-,-,-,-,,,,,,,
1989,1,"McLaren","",141,,6,15,15,11,9,-,9,9,15,9,15,9,6,13,,,,,,,
1989,2,"Williams","Renault",77,,-,3,-,6,7,15,4,-,3,4,3,7,-,2,,,,,,,
1989,3,"Ferrari","",59,,9,-,-,-,-,-,6,6,4,9,4,6,9,6,,,,,,,
1989,4,"Benetton","Ford Cosworth",39,,4,4,-,3,2,-,-,4,-,-,2,-,3,-,,,,,,,
1989,5,"Tyrrell","Ford Cosworth",16,,-,1,2,4,-,-,3,-,-,-,-,2,1,3,,,,,,,
1989,6,"Lotus","Judd",15,,-,-,-,-,-,3,-,3,2,1,-,-,-,-,,,,,,,
1989,7,"Arrows","Ford Cosworth",13,,2,2,-,-,4,-,-,-,1,2,1,-,-,-,,,,,,,
1989,8,"Dallara","Ford Cosworth",8,,-,-,3,-,-,5,-,-,-,-,-,-,-,-,,,,,,,
1989,9,"Brabham","Judd",8,,-,-,5,-,-,-,-,-,-,-,-,1,-,-,,,,,,,
1989,10,"Onyx","Ford Cosworth",6,,-,-,-,-,-,-,2,-,-,-,-,-,4,-,,,,,,,
1989,11,"Minardi","Ford Cosworth",6,,-,-,-,-,-,-,-,3,-,-,-,-,2,-,,,,,,,
1989,12,"March","Judd",4,,4,-,-,-,-,-,-,-,-,-,-,-,-,-,,,,,,,
1989,13,"Rial","Ford Cosworth",3,,-,-,-,-,3,-,-,-,-,-,-,-,-,-,,,,,,,
1989,14,"Ligier","Ford Cosworth",3,,-,-,-,-,-,2,1,-,-,-,-,-,-,-,,,,,,,
1989,15,"AGS","Ford Cosworth",1,,-,-,-,1,-,-,-,-,-,-,-,-,-,-,,,,,,,
1989,16,"Lola","Lamborghini",1,,-,-,-,-,-,-,-,-,-,-,-,-,-,1,,,,,,,
1990,1,"McLaren","",121,,9,10,6,13,12,4,6,4,13,6,13,13,9,-,,,,,,,
1990,2,"Ferrari","",110,,-,12,3,-,6,15,9,9,3,-,6,9,13,15,,,,,,,
1990,3,"Benetton","Ford Cosworth",71,,3,1,6,-,6,4,3,2,6,4,5,-,3,4,,,,,,,
1990,4,"Williams","Renault",57,,4,2,9,3,-,2,1,6,3,12,-,2,-,5,,,,,,,
1990,5,"Tyrrell","Ford Cosworth",16,,7,-,1,6,-,-,-,-,-,-,-,1,-,-,,,,,,,
1990,6,"Lola","Lamborghini",11,,-,-,-,1,-,-,-,4,-,1,-,-,-,1,,,,,,,
1990,7,"Leyton House","Judd",7,,-,-,-,-,-,-,6,-,-,-,1,-,-,-,,,,,,,
1990,8,"Lotus","Lamborghini",3,,-,-,-,-,1,-,-,-,-,2,-,-,-,-,,,,,,,
1990,9,"Arrows","Ford Cosworth",2,,-,-,-,2,-,-,-,-,-,-,-,-,-,-,,,,,,,
1990,10,"Brabham","Judd",2,,2,-,-,-,-,-,-,-,-,-,-,-,-,-,,,,,,,
1991,1,"McLaren","",139,,10,14,16,10,-,4,4,9,3,13,16,9,6,2,,,,,,,
1991,2,"Williams","Renault",125,,-,6,-,6,5,16,12,10,16,10,2,10,10,14,,,,,,,
1991,3,"Ferrari","",55.50,,6,4,-,6,-,-,9,4,4,2,-,4,4,9,3,,,,,,
1991,4,"Benetton","Ford Cosworth",38.50,,4,2,-,3,10,2,-,2,-,-,7,3,3,1,-,,,,,,
1991,5,"Jordan","Ford Cosworth",13,,-,-,-,-,5,3,1,1,3,-,-,-,-,-,,,,,,,
1991,6,"Tyrrell","",12,,5,-,-,-,6,-,-,-,-,-,-,-,-,-,,,,,,,
1991,7,"Minardi","",6,,-,-,3,-,-,-,-,-,-,-,-,-,3,-,,,,,,,
1991,8,"Dallara","Judd",5,,-,-,4,1,-,-,-,-,-,-,-,-,-,-,,,,,,,
1991,9,"Lotus","Judd",3,,-,-,3,-,-,-,-,-,-,-,-,-,-,-,,,,,,,
1991,10,"Brabham","Yamaha",3,,-,-,-,-,-,-,-,-,-,-,1,-,-,-,,,,,,,
1991,11,"Lola","Ford Cosworth",2,,1,-,-,-,-,1,-,-,-,-,-,-,-,-,,,,,,,
1991,12,"Leyton House","Ilmor",1,,-,-,-,-,-,-,-,-,-,1,-,-,-,-,,,,,,,
1992,1,"Williams","Renault",164,,16,16,16,10,16,10,-,16,16,10,6,10,2,10,,,,,,,
1992,2,"McLaren","",99,,6,3,-,3,4,10,10,-,2,6,14,2,13,10,,,,,,,
1992,3,"Benetton","Ford Cosworth",91,,3,4,4,6,3,5,6,4,7,7,2,13,10,3,,,,,,,
1992,4,"Ferrari","",21,,-,-,5,4,-,-,4,-,-,2,1,-,-,-,,,,,,,
1992,5,"Lotus","Ford Cosworth",13,,1,1,-,-,-,-,-,4,1,-,3,1,-,2,,,,,,,
1992,6,"Tyrrell","Ilmor",8,,-,2,-,-,-,-,2,-,-,-,-,-,1,-,,,,,,,
1992,7,"Footwork","Mugen Honda",6,,-,-,1,2,2,-,-,-,-,-,-,-,-,1,,,,,,,
1992,8,"Ligier","Renault",6,,-,-,-,-,-,-,1,2,-,1,-,-,-,-,,,,,,,
1992,9,"March","Ilmor",3,,-,-,-,-,-,-,3,-,-,-,-,-,-,-,,,,,,,
1992,10,"Dallara","",2,,-,-,-,1,1,-,-,-,-,-,-,-,-,-,,,,,,,
1992,11,"Jordan","Yamaha",1,,-,-,-,-,-,-,-,-,-,-,-,-,-,-,,,,,,,
1992,12,"Minardi","Lamborghini",1,,-,-,-,-,-,-,-,-,-,-,-,-,-,-,,,,,,,
1992,13,"Venturi","Lamborghini",1,,-,-,-,-,-,1,-,-,-,-,-,-,-,-,,,,,,,
1993,1,"Williams","Renault",168,,10,6,10,10,10,9,14,16,10,10,10,14,10,10,,,,,,,
1993,2,"McLaren","Ford Cosworth",84,,6,10,10,-,8,10,-,4,2,3,-,3,4,-,,,,,,,
1993,3,"Benetton","Ford Cosworth",72,,-,4,2,6,7,-,6,4,10,8,6,7,2,10,,,,,,,
1993,4,"Ferrari","",28,,1,-,-,-,1,4,3,-,-,1,4,-,6,3,,,,,,,
1993,5,"Ligier","Renault",23,,4,2,-,4,-,1,2,2,-,4,2,-,-,1,,,,,,,
1993,6,"Lotus","Ford Cosworth",12,,-,4,3,-,-,-,-,-,3,-,-,2,-,-,,,,,,,
1993,7,"Sauber","",12,,2,-,-,3,-,-,1,-,-,-,1,-,3,2,,,,,,,
1993,8,"Minardi","Ford Cosworth",7,,3,-,1,1,-,2,-,-,-,-,-,-,-,-,,,,,,,
1993,9,"Footwork","Mugen Honda",4,,-,-,-,-,-,-,-,-,1,-,3,-,-,-,,,,,,,
1993,10,"Larrousse","Lamborghini",3,,-,-,-,2,-,-,-,-,-,-,-,-,1,-,,,,,,,
1993,11,"Jordan","Hart",3,,-,-,-,-,-,-,-,-,-,-,-,-,-,-,,,,,,,
1994,1,"Williams","Renault",118,,6,-,1,-,10,8,6,12,-,6,13,11,16,6,,,,,,,
1994,2,"Benetton","Ford Cosworth",103,,10,10,10,10,6,11,10,-,-,14,4,-,2,10,,,,,,,
1994,3,"Ferrari","",71,,4,6,6,6,3,7,4,6,10,-,-,6,-,2,,,,,,,
1994,4,"McLaren","Peugeot",42,,-,-,4,6,-,-,-,4,-,3,6,6,5,4,,,,,,,
1994,5,"Jordan","Hart",28,,3,4,-,3,1,-,-,3,-,-,-,3,3,3,,,,,,,
1994,6,"Ligier","Renault",13,,-,-,-,-,-,-,-,-,10,1,-,-,-,-,,,,,,,
1994,7,"Tyrrell","Yamaha",13,,2,-,2,-,4,-,-,1,-,2,2,-,-,-,,,,,,,
1994,8,"Sauber","",12,,1,2,3,-,-,-,4,-,-,-,-,-,-,1,,,,,,,
1994,9,"Footwork","Ford Cosworth",9,,-,3,-,-,-,-,-,-,5,-,1,-,-,-,,,,,,,
1994,10,"Minardi","Ford Cosworth",5,,-,-,-,1,2,-,2,-,-,-,-,-,-,-,,,,,,,
1994,11,"Larrousse","Ford Cosworth",2,,-,1,-,-,-,-,-,-,1,-,-,-,-,-,,,,,,,
1995,1,"Benetton","Renault",137,,-,7,-,16,13,2,10,10,13,3,10,10,6,12,11,,,,,,
1995,2,"Williams","Renault",112,,-,10,13,3,6,-,10,4,6,16,6,-,14,4,10,,,,,,
1995,3,"Ferrari","",73,,6,7,10,4,4,10,2,6,4,4,-,-,5,6,5,,,,,,
1995,4,"McLaren","",30,,4,-,2,-,2,-,-,2,-,-,2,9,-,-,-,,,,,,
1995,5,"Ligier","Mugen Honda",24,,-,-,-,1,-,3,3,3,1,1,4,-,-,-,-,,,,,,
1995,6,"Jordan","Peugeot",21,,-,-,-,2,-,10,1,-,-,-,1,-,-,4,-,,,,,,
1995,7,"Sauber","Ford Cosworth",18,,-,2,1,-,1,-,-,1,2,2,3,5,1,-,-,,,,,,
1995,8,"Footwork","Hart",5,,-,-,-,-,-,1,-,-,-,-,-,-,-,-,-,,,,,,
1995,9,"Tyrrell","Yamaha",5,,-,-,-,-,-,-,-,-,-,-,-,2,-,-,-,,,,,,
1995,10,"Minardi","Ford Cosworth",1,,-,-,-,-,-,-,-,-,-,-,-,-,-,-,-,,,,,,
1996,1,"Williams","Renault",175,,16,10,16,13,10,-,4,16,16,10,14,16,8,-,,,,,,,
1996,2,"Ferrari","",70,,4,4,2,6,9,-,10,-,-,-,3,-,10,10,,,,,,,
1996,3,"Benetton","Renault",68,,3,6,4,-,5,-,6,4,7,6,6,4,4,6,,,,,,,
1996,4,"McLaren","",49,,2,3,-,4,-,7,2,5,3,6,2,3,4,4,,,,,,,
1996,5,"Jordan","Peugeot",22,,-,-,3,3,2,-,-,1,-,4,1,1,-,5,,,,,,,
1996,6,"Ligier","Mugen Honda",15,,-,1,-,-,-,10,1,-,-,-,-,2,-,1,,,,,,,
1996,7,"Sauber","Ford Cosworth",11,,-,-,-,-,-,7,3,-,-,-,-,-,-,-,,,,,,,
1996,8,"Tyrrell","Yamaha",5,,1,2,-,-,-,2,-,-,-,-,-,-,-,-,,,,,,,
1996,9,"Footwork","Hart",1,,-,-,1,-,-,-,-,-,-,-,-,-,-,-,,,,,,,
1997,1,"Williams","Renault",123,,-,10,10,10,-,10,3,9,10,-,10,6,6,14,14,,,,,,
1997,2,"Ferrari","",102,,6,2,6,10,14,3,10,14,-,6,3,10,1,1,-,,,,,,
1997,3,"Benetton","Renault",67,,3,7,1,2,-,4,6,2,10,11,-,1,6,-,9,,,,,,
1997,4,"McLaren","",63,,14,3,2,1,-,1,-,-,3,4,-,-,10,6,-,,,,,,
1997,5,"Jordan","Peugeot",33,,-,-,4,3,1,-,4,1,2,2,2,6,3,5,-,,,,,,
1997,6,"Prost","Mugen Honda",21,,2,4,-,-,3,6,1,-,-,3,1,-,-,-,1,,,,,,
1997,7,"Sauber","Petronas",16,,1,-,3,-,-,2,2,-,-,-,4,3,-,-,-,,,,,,
1997,8,"Arrows","Yamaha",9,,-,-,-,-,-,-,-,-,1,-,6,-,-,-,2,,,,,,
1997,9,"Stewart","Ford Cosworth",6,,-,-,-,-,6,-,-,-,-,-,-,-,-,-,-,,,,,,
1997,10,"Tyrrell","Ford Cosworth",2,,-,-,-,-,2,-,-,-,-,-,-,-,-,-,-,,,,,,
1998,1,"McLaren","",156,,16,16,7,10,16,10,-,5,6,16,16,7,-,3,,,,,,,
1998,2,"Ferrari","",133,,3,4,14,10,4,4,14,16,14,7,2,10,-,16,,,,,,,
1998,3,"Williams","Mecachrome",38,,6,2,-,5,1,2,-,3,-,1,4,6,3,-,,,,,,,
1998,4,"Jordan","Mugen Honda",34,,-,-,-,-,-,-,-,-,1,2,4,3,16,5,,,,,,,
1998,5,"Benetton","Playlife",33,,-,4,3,-,3,6,9,2,5,-,-,-,-,-,,,,,,,
1998,6,"Sauber","Petronas",10,,1,-,2,1,-,-,-,-,-,-,-,-,4,2,,,,,,,
1998,7,"Arrows","",6,,-,-,-,-,-,4,-,-,-,-,-,-,2,-,,,,,,,
1998,8,"Stewart","Ford Cosworth",5,,-,-,-,-,2,-,3,-,-,-,-,-,-,-,,,,,,,
1998,9,"Prost","Peugeot",1,,-,-,-,-,-,-,-,-,-,-,-,-,1,-,,,,,,,
1999,1,"Ferrari","",128,,10,8,10,16,7,4,3,6,10,16,4,3,5,-,,,,,,,
1999,2,"McLaren","",124,,-,10,6,4,16,10,6,10,10,2,16,16,2,2,,,,,,,
1999,3,"Jordan","Mugen Honda",61,,6,4,3,3,-,-,10,5,3,4,4,5,10,-,,,,,,,
1999,4,"Stewart","Ford Cosworth",36,,2,-,4,-,-,2,4,-,-,-,2,-,3,14,,,,,,,
1999,5,"Williams","Supertec",35,,4,3,-,-,2,3,3,4,-,3,-,2,6,3,,,,,,,
1999,6,"Benetton","Playlife",16,,3,-,2,3,-,6,-,-,2,-,-,-,-,-,,,,,,,
1999,7,"Prost","Peugeot",9,,-,1,-,-,1,-,-,-,-,1,-,-,-,6,,,,,,,
1999,8,"Sauber","Petronas",5,,-,-,1,-,-,1,-,1,1,-,-,-,-,-,,,,,,,
1999,9,"Arrows","",1,,1,-,-,-,-,-,-,-,-,-,-,-,-,-,,,,,,,
1999,10,"Minardi","Ford Cosworth",1,,-,-,-,-,-,-,-,-,-,-,-,-,-,1,,,,,,,
2000,1,"Ferrari","",170,,16,10,13,4,6,13,6,16,4,4,10,9,6,10,16,,,,,,
2000,2,"McLaren","",152,,-,-,10,16,16,10,11,3,16,6,10,14,13,6,2,,,,,,
2000,3,"Williams","BMW",36,,4,3,-,5,3,-,-,-,2,2,3,2,6,4,-,,,,,,
2000,4,"Benetton","Playlife",20,,2,6,-,-,-,2,4,4,-,-,-,-,-,2,-,,,,,,
2000,5,"BAR","",20,,4,-,2,-,-,-,-,-,3,3,-,-,-,1,4,,,,,,
2000,6,"Jordan","Mugen Honda",17,,-,7,-,1,1,-,-,1,1,-,-,1,1,-,4,,,,,,
2000,7,"Arrows","Supertec",7,,-,-,-,-,-,1,-,2,-,-,1,-,-,3,-,,,,,,
2000,8,"Sauber","Petronas",6,,-,-,1,-,-,-,2,-,-,1,2,-,-,-,-,,,,,,
2000,9,"Jaguar","Cosworth",4,,-,-,-,-,-,-,3,-,-,-,-,-,-,-,-,,,,,,
2000,10,"Minardi","Fondmetal",0,,-,-,-,-,-,-,-,-,-,-,-,-,-,-,-,,,,,,
2000,11,"Prost","Peugeot",0,,-,-,-,-,-,-,-,-,-,-,-,-,-,-,-,,,,,,
2001,1,"Ferrari","",179,,14,16,6,4,10,10,16,6,12,14,10,6,16,12,9,,,,,,
2001,2,"McLaren","",102,,6,5,10,9,2,10,2,4,5,3,10,-,6,9,-,,,,,,
2001,3,"Williams","BMW",80,,-,2,-,10,6,-,-,10,9,6,3,10,3,-,14,,,,,,
2001,4,"Sauber","Petronas",21,,4,-,4,-,1,3,-,3,-,1,3,-,1,-,-,,,,,,
2001,5,"Jordan","",19,,2,3,2,3,3,-,-,-,-,2,-,-,-,1,-,,,,,,
2001,6,"BAR","",17,,-,-,3,-,4,2,3,-,-,-,-,4,-,-,1,,,,,,
2001,7,"Benetton","Renault",10,,-,-,1,-,-,-,-,-,-,-,-,5,-,4,-,,,,,,
2001,8,"Jaguar","Cosworth",9,,-,-,-,-,-,-,4,1,-,-,-,-,-,-,2,,,,,,
2001,9,"Prost","Acer",4,,-,-,-,-,-,-,1,2,-,-,-,1,-,-,-,,,,,,
2001,10,"Arrows","Asiatech",1,,-,-,-,-,-,1,-,-,-,-,-,-,-,-,-,,,,,,
2001,11,"Minardi","European",0,,-,-,-,-,-,-,-,-,-,-,-,-,-,-,-,,,,,,
2002,1,"Ferrari","",221,,10,4,10,16,10,16,6,14,16,16,10,13,16,16,16,,,,,,
2002,2,"Williams","BMW",92,,6,16,8,7,6,7,4,-,3,4,5,10,4,6,-,,,,,,
2002,3,"McLaren","",65,,4,-,4,1,4,1,10,9,4,-,10,2,5,3,-,,,,,,
2002,4,"Renault","",23,,-,3,3,2,-,-,3,1,2,-,1,-,-,-,5,,,,,,
2002,5,"Sauber","Petronas",11,,-,3,-,-,5,-,-,-,1,1,-,1,-,-,-,,,,,,
2002,6,"Jordan","",9,,-,-,-,-,-,2,2,2,-,-,-,-,1,-,-,,,,,,
2002,7,"Jaguar","Cosworth",8,,3,-,-,-,-,-,-,-,-,-,-,-,-,1,4,,,,,,
2002,8,"BAR","",7,,-,-,-,-,-,-,-,-,-,5,-,-,-,-,1,,,,,,
2002,9,"Minardi","Asiatech",2,,2,-,-,-,-,-,-,-,-,-,-,-,-,-,-,,,,,,
2002,10,"Toyota","",2,,1,-,1,-,-,-,-,-,-,-,-,-,-,-,-,,,,,,
2002,11,"Arrows","Cosworth",2,,-,-,-,-,1,-,1,-,-,-,-,,,,,,,,,,
2003,1,"Ferrari","",158,,5,11,-,16,16,16,7,14,10,8,15,2,1,16,,,,,,,
2003,2,"Williams","BMW",144,,9,5,2,7,9,3,15,14,18,18,8,10,11,12,,,,,,,
2003,3,"McLaren","",142,,16,10,13,12,-,12,10,3,-,9,10,8,12,5,,,,,,,
2003,4,"Renault","",88,,6,10,7,3,8,1,7,5,5,-,3,11,12,1,,,,,,,
2003,5,"BAR","",26,,-,2,3,1,-,5,-,-,2,-,1,1,-,3,,,,,,,
2003,6,"Sauber","Petronas",19,,3,1,4,-,-,-,-,-,1,-,-,-,-,-,,,,,,,
2003,7,"Jaguar","Cosworth",18,,-,-,-,-,2,2,-,2,3,3,-,-,3,2,,,,,,,
2003,8,"Toyota","",16,,-,-,-,-,3,-,-,1,-,1,2,7,-,-,,,,,,,
2003,9,"Jordan","Ford Cosworth",13,,-,-,10,-,1,-,-,-,-,-,-,-,-,-,,,,,,,
2003,10,"Minardi","Cosworth",0,,-,-,-,-,-,-,-,-,-,-,-,-,-,-,,,,,,,
2004,1,"Ferrari","",262,,18,15,18,13,18,6,18,18,18,16,16,10,18,14,18,10,,,,,
2004,2,"BAR","",119,,3,6,10,8,5,8,6,6,6,4,5,9,7,-,11,11,,,,,
2004,3,"Renault","",105,,8,6,8,9,11,10,9,-,5,13,-,6,6,-,-,5,,,,,
2004,4,"Williams","BMW",88,,9,8,2,8,3,5,1,-,-,1,4,6,7,-,6,4,,,,,
2004,5,"McLaren","",69,,1,3,-,1,-,-,-,7,5,5,10,5,-,12,3,6,,,,,
2004,6,"Sauber","Petronas",34,,-,1,-,-,2,4,3,5,-,-,3,-,1,9,1,3,,,,,
2004,7,"Jaguar","Cosworth",10,,-,-,1,-,-,-,2,-,-,-,1,3,-,3,-,-,,,,,
2004,8,"Toyota","",9,,-,-,-,-,-,4,-,-,4,-,-,-,-,1,-,-,,,,,
2004,9,"Jordan","Ford Cosworth",5,,-,-,-,-,-,2,-,3,-,-,-,-,-,-,-,-,,,,,
2004,10,"Minardi","Cosworth",1,,-,-,-,-,-,-,-,-,1,-,-,-,-,-,-,-,,,,,
2005,1,"Renault","",191,,16,10,10,10,12,5,13,-,-,13,13,15,-,13,14,8,10,,,,
2005,2,"McLaren","",182,,4,5,10,6,12,14,2,10,-,8,16,8,10,16,15,10,18,,,,
2005,3,"Ferrari","",100,,8,2,-,8,-,3,10,14,18,6,5,4,8,-,-,4,8,,,,
2005,4,"Toyota","",88,,-,12,13,4,11,3,1,3,-,6,1,3,11,3,7,2,1,,,,
2005,5,"Williams","BMW",66,,4,6,3,5,3,14,8,4,-,-,-,-,5,-,2,5,-,,,,
2005,6,"BAR","",38,,-,-,-,-,-,-,-,-,-,5,4,6,5,4,1,6,2,,,,
2005,7,"Red Bull","Cosworth",34,,7,4,1,1,1,-,5,3,-,-,-,2,-,3,-,-,-,,,,
2005,8,"Sauber","Petronas",20,,-,-,2,5,-,-,-,5,-,1,-,1,-,-,-,3,-,,,,
2005,9,"Jordan","Toyota",12,,-,-,-,-,-,-,-,-,11,-,-,-,-,-,-,1,-,,,,
2005,10,"Minardi","Cosworth",7,,-,-,-,-,-,-,-,-,7,-,-,-,-,-,-,-,-,,,,
2006,1,"Renault","",206,,10,18,14,9,11,16,13,15,15,10,11,7,-,11,5,14,,,,,
2006,2,"Ferrari","",201,,8,7,-,15,16,13,4,12,12,18,16,18,3,16,10,10,,,,,
2006,3,"McLaren","",110,,10,5,8,10,5,4,8,9,6,-,6,6,8,4,8,4,,,,,
2006,4,"Honda","",86,,5,6,2,2,4,5,5,-,-,3,-,5,15,6,7,8,,,,,
2006,5,"BMW Sauber","BMW",36,,-,2,8,-,1,1,2,3,2,-,1,-,6,-,7,2,,,,,
2006,6,"Toyota","",35,,-,1,6,-,-,-,1,-,3,5,5,2,3,2,2,-,,,,,
2006,7,"Red Bull","",16,,1,-,1,-,-,-,6,-,1,2,-,1,4,-,-,-,,,,,
2006,8,"Williams","Cosworth",11,,5,-,-,3,2,-,-,-,-,-,-,-,-,-,-,1,,,,,
2006,9,"Toro Rosso","Cosworth",1,,-,-,-,-,-,-,-,-,-,1,-,-,-,-,-,-,,,,,
2006,10,"Midland","Toyota",0,,-,-,-,-,-,-,-,-,-,-,-,-,-,-,-,-,,,,,
2006,11,"Super Aguri","",0,,-,-,-,-,-,-,-,-,-,-,-,-,-,-,-,-,,,,,
2007,1,"Ferrari","",204,,13,10,16,10,7,4,11,18,14,8,8,18,6,18,9,,,,,,
2007,2,"BMW Sauber","BMW",101,,5,5,8,5,7,8,1,9,8,5,10,6,9,4,2,,,,,,
2007,3,"Renault","",51,,4,4,1,2,5,5,4,3,3,1,1,3,2,1,12,,,,,,
2007,4,"Williams","Toyota",33,,2,-,-,3,2,6,-,-,-,5,2,2,3,3,-,,,,,,
2007,5,"Red Bull","Renault",24,,-,-,-,4,-,-,2,-,-,10,-,-,-,2,5,,,,,,
2007,6,"Toyota","",13,,1,2,2,-,-,1,3,-,-,-,3,-,-,-,-,,,,,,
2007,7,"Toro Rosso","",8,,-,-,-,-,-,-,-,-,-,-,-,-,-,-,-,,,,,,
2007,8,"Honda","",6,,-,-,-,-,-,-,-,1,-,-,-,-,1,-,-,,,,,,
2007,9,"Super Aguri","",4,,-,-,-,1,-,3,-,-,-,-,-,-,-,-,-,,,,,,
2007,10,"Spyker","",1,,-,-,-,-,-,-,-,-,-,-,-,-,-,-,1,,,,,,
2008,1,"Ferrari","",172,,1,10,18,18,16,6,4,18,5,9,6,10,10,3,-,8,,,,,
2008,2,"McLaren","",151,,14,10,4,6,8,11,-,5,14,14,14,13,6,10,6,-,,,,,
2008,3,"BMW Sauber","BMW",135,,8,11,11,5,9,8,18,4,8,7,1,6,11,10,3,8,,,,,
2008,4,"Renault","",80,,5,1,-,-,3,-,-,3,3,8,8,-,5,5,10,15,,,,,
2008,5,"Toyota","",56,,-,5,3,1,-,-,8,6,2,-,10,6,-,-,5,4,,,,,
2008,6,"Toro Rosso","",39,,2,-,-,-,-,4,1,-,-,1,-,3,6,10,4,3,,,,,
2008,7,"Red Bull","Renault",29,,-,2,2,4,2,5,6,3,-,-,-,-,1,1,2,1,,,,,
2008,8,"Williams","Toyota",26,,9,-,1,2,1,2,-,-,1,-,-,1,-,-,9,-,,,,,
2008,9,"Honda","",14,,-,-,-,3,-,3,2,-,6,-,-,-,-,-,-,-,,,,,
2008,10,"Force India","",0,,-,-,-,-,-,-,-,-,-,-,-,-,-,-,-,-,,,,,
2008,11,"Super Aguri","",0,,-,-,-,,,,,,,,,,,,,,,,,,
2009,1,"Brawn GP","",172,,18,7,11,14,18,18,10,9,7,2,12,2,18,7,3,,,,,,
2009,2,"Red Bull","Renault",153.50,,-,1.5,18,8,11,4,14,18,18,6,-,6,1,5,10,15,,,,,
2009,3,"McLaren","",71,,-,1,7,5,-,-,-,-,1,14,13,3,3,12,6,,,,,,
2009,4,"Ferrari","",70,,-,-,-,3,3,11,3,6,6,8,6,10,6,-,5,,,,,,
2009,5,"Toyota","",59.50,,11,5.5,2,8,-,-,6,2,-,4,-,-,-,8,8,-,,,,,
2009,6,"BMW Sauber","BMW",36,,-,4,-,-,2,-,2,-,-,-,1,9,2,1,3,,,,,,
2009,7,"Williams","Toyota",34.50,,3,0.5,-,-,1,3,4,4,5,5,4,1,-,-,4,-,,,,,
2009,8,"Renault","",26,,4,-,-,1,4,2,-,-,2,-,3,-,4,6,-,,,,,,
2009,9,"Force India","",13,,-,-,-,-,-,-,-,-,-,-,-,8,5,-,-,,,,,,
2009,10,"Toro Rosso","",8,,3,-,1,-,-,1,-,-,-,-,-,-,-,-,-,,,,,,
2010,1,"Red Bull","Renault",498,,16,2,43,12,40,43,15,22,25,31,23,40,18,20,33,43,-,,,,
2010,2,"McLaren","",454,,21,33,12,43,10,10,43,43,33,30,22,4,25,18,12,22,18,,,,
2010,3,"Ferrari","",396,,43,27,6,14,26,20,10,15,4,-,43,30,12,40,29,15,40,,,,
2010,4,"Mercedes","",214,,18,11,15,16,12,6,22,8,1,17,6,-,14,12,10,8,12,,,,
2010,5,"Renault","",163,,-,18,12,16,4,15,8,6,10,-,7,10,17,4,6,-,10,,,,
2010,6,"Williams","Cosworth",69,,1,4,1,-,2,-,-,-,12,11,-,9,-,7,9,2,7,,,,
2010,7,"Force India","",68,,2,6,10,-,6,6,2,3,8,4,-,-,11,-,2,-,8,,,,
2010,8,"BMW Sauber","",44,,-,-,-,-,-,-,1,-,6,8,-,8,4,-,-,10,6,,,,
2010,9,"Toro Rosso","",13,,-,-,2,-,1,1,-,4,2,-,-,-,-,-,-,1,-,,,,
2010,10,"Lotus","Cosworth",0,,-,-,-,-,-,-,-,-,-,-,-,-,-,-,-,-,-,,,,
2010,11,"HRT","Cosworth",0,,-,-,-,-,-,-,-,-,-,-,-,-,-,-,-,-,-,,,,
2010,12,"Virgin","Cosworth",0,,-,-,-,-,-,-,-,-,-,-,-,-,-,-,-,-,-,,,,
2011,1,"Red Bull","Renault",650,,35,37,33,43,37,37,33,40,33,27,28,43,25,40,27,40,37,,,,
2011,2,"McLaren","",497,,26,22,37,20,33,23,25,20,12,25,37,15,30,28,35,30,24,,,,
2011,3,"Ferrari","",375,,18,18,14,15,10,18,8,28,35,28,23,16,23,14,24,18,15,,,,
2011,4,"Mercedes","",165,,-,2,14,10,14,-,12,6,10,10,2,18,10,6,9,4,18,,,,
2011,5,"Renault","",73,,15,15,2,10,4,4,10,1,4,1,-,2,2,-,2,-,-,,,,
2011,6,"Force India","",69,,3,1,-,-,-,6,-,2,-,8,6,6,4,12,-,1,2,,,,
2011,7,"Sauber","",44,,-,6,1,1,3,10,6,-,6,2,-,-,-,1,4,-,1,,,,
2011,8,"Toro Rosso","",41,,4,-,-,2,-,1,5,4,1,-,5,-,7,-,-,8,4,,,,
2011,9,"Williams","Cosworth",5,,-,-,-,-,-,2,2,-,-,-,-,1,-,-,-,-,-,,,,
2011,10,"Lotus","Renault",0,,-,-,-,-,-,-,-,-,-,-,-,-,-,-,-,-,-,,,,
2011,11,"HRT","Cosworth",0,,-,-,-,-,-,-,-,-,-,-,-,-,-,-,-,-,-,,,,
2011,12,"Virgin","Cosworth",0,,-,-,-,-,-,-,-,-,-,-,-,-,-,-,-,-,-,,,,
2012,1,"Red Bull","Renault",460,,30,12,22,37,8,37,18,12,40,14,16,26,-,25,27,43,40,15,,,
2012,2,"Ferrari","",400,,10,25,2,8,18,23,11,25,30,25,12,10,27,19,18,27,26,24,,,
2012,3,"McLaren","",378,,40,15,33,4,6,10,25,4,5,18,33,25,25,18,22,1,22,12,,,
2012,4,"Lotus","Renault",303,,6,10,8,33,27,2,22,18,18,15,33,15,10,14,8,16,8,25,,,
2012,5,"Mercedes","",142,,-,1,25,11,6,18,8,23,6,7,1,6,14,10,-,-,-,-,,,
2012,6,"Sauber","",126,,12,18,1,-,10,-,17,2,-,20,-,-,20,1,15,-,-,8,,,
2012,7,"Force India","",109,,1,8,-,8,1,10,-,16,-,2,-,13,4,12,6,8,4,2,,,
2012,8,"Williams","Renault",76,,-,8,10,-,25,1,-,1,2,-,6,-,1,-,4,-,1,14,,,
2012,9,"Toro Rosso","",26,,2,4,-,-,-,-,-,-,-,-,-,6,-,2,1,6,-,1,,,
2012,10,"Caterham","Renault",0,,-,-,-,-,-,-,-,-,-,-,-,-,-,-,-,-,-,-,,,
2012,11,"Marussia","Cosworth",0,,-,-,-,-,-,-,-,-,-,-,-,-,-,-,-,-,-,-,,,
2012,12,"HRT","Cosworth",0,,-,-,-,-,-,-,-,-,-,-,-,-,-,-,-,-,-,-,,,
2013,1,"Red Bull","Renault",596,,23,43,12,31,22,33,37,18,31,27,35,40,25,25,43,25,43,,,,
2013,2,"Mercedes","",360,,10,27,15,12,8,37,25,37,12,25,27,10,22,16,4,26,21,,,,
2013,3,"Ferrari","",354,,30,10,33,4,40,6,22,23,12,14,24,30,26,10,13,12,14,,,,
2013,4,"Lotus","Renault",315,,26,14,20,33,18,1,2,10,33,26,4,4,15,33,25,21,12,,,,
2013,5,"McLaren","",122,,2,2,10,9,6,8,-,-,12,8,8,1,10,5,2,10,2,,,,
2013,6,"Force India","",77,,10,-,4,12,6,12,7,8,-,-,2,-,1,-,-,6,9,,,,
2013,7,"Sauber","",57,,-,4,1,-,-,-,-,1,1,-,-,10,2,12,14,-,-,,,,
2013,8,"Toro Rosso","",33,,-,1,6,-,1,4,8,4,-,-,1,6,-,-,-,1,-,,,,
2013,9,"Williams","Renault",5,,-,-,-,-,-,-,-,-,-,1,-,-,-,-,-,-,-,,,,
2013,10,"Marussia","Cosworth",0,,-,-,-,-,-,-,-,-,-,-,-,-,-,-,-,-,-,,,,
2013,11,"Caterham","Renault",0,,-,-,-,-,-,-,-,-,-,-,-,-,-,-,-,-,-,,,,
2014,1,"Mercedes","",701,,25,43,43,43,43,43,18,43,25,40,27,18,43,25,43,43,43,,,,
2014,2,"Red Bull","Renault",405,,-,15,20,22,27,15,40,4,25,20,31,35,18,33,27,10,21,,,,
2014,3,"Williams","",320,,10,10,10,6,10,6,6,27,18,18,14,15,27,10,14,15,22,,,,
2014,4,"Ferrari","",216,,18,12,3,19,14,12,9,11,8,10,26,18,2,16,-,10,8,,,,
2014,5,"McLaren","",181,,33,10,-,-,-,9,14,6,18,6,1,8,5,1,10,22,4,,,,
2014,6,"Force India","",155,,9,10,25,10,3,10,10,10,4,7,-,5,6,8,5,1,-,,,,
2014,7,"Toro Rosso","Renault",30,,6,1,-,1,-,-,4,-,3,-,2,2,-,8,2,-,1,,,,
2014,8,"Lotus","Renault",10,,-,-,-,-,4,4,-,-,-,-,-,-,-,-,-,-,2,,,,
2014,9,"Marussia","",2,,-,-,-,-,-,2,-,-,-,-,-,-,-,-,,,,,,,
2014,10,"Sauber","",0,,-,-,-,-,-,-,-,-,-,-,-,-,-,-,-,-,-,,,,
2014,11,"Caterham","Renault",0,,-,-,-,-,-,-,-,-,-,-,-,-,-,-,-,,,,,,
2015,1,"Mercedes","",703,,43,33,43,40,43,40,43,43,43,12,43,25,12,43,25,43,43,,,,
2015,2,"Ferrari","",428,,15,37,27,28,25,26,22,12,19,25,6,28,40,27,22,15,-,,,,
2015,3,"Williams","",257,,12,18,18,13,20,-,23,25,22,-,10,27,10,10,12,-,23,,,,
2015,4,"Red Bull","Renault",187,,8,3,2,10,7,22,2,1,8,33,12,5,26,-,10,1,22,,,,
2015,5,"Force India","",136,,7,-,-,4,-,6,4,10,8,-,10,14,6,8,15,10,10,,,,
2015,6,"Lotus","",78,,-,-,6,6,4,-,7,6,-,6,15,-,-,10,6,4,1,,,,
2015,7,"Toro Rosso","Renault",67,,2,10,-,-,2,1,-,4,-,12,4,-,6,3,1,18,2,,,,
2015,8,"Sauber","",36,,14,-,5,-,-,2,-,-,-,1,1,2,1,-,8,2,-,,,,
2015,9,"McLaren","",27,,-,-,-,-,-,4,-,-,1,12,-,-,-,-,2,8,-,,,,
2015,10,"Marussia","",0,,-,-,-,-,-,-,-,-,-,-,-,-,-,-,-,-,-,,,,
2016,1,"Mercedes","",765,,43,40,31,43,-,31,35,35,37,40,43,37,40,43,40,15,40,43,43,,
2016,2,"Red Bull","TAG Heuer",468,,12,18,27,-,37,18,18,10,28,30,25,33,18,16,26,43,26,15,27,,
2016,3,"Ferrari","",398,,15,18,28,15,33,12,26,30,15,12,20,18,10,27,22,12,22,12,18,,
2016,4,"Force India","",173,,6,-,-,2,6,23,5,17,-,14,1,7,22,5,4,12,10,4,7,,
2016,5,"Williams","",138,,14,6,9,22,14,1,15,9,2,-,2,2,5,10,-,10,3,6,6,,
2016,6,"McLaren","",76,,-,1,-,9,2,12,-,-,8,-,6,4,6,-,6,8,-,12,-,,
2016,7,"Toro Rosso","",63,,3,8,6,-,9,4,2,-,4,5,4,-,-,-,2,-,-,8,-,,
2016,8,"Haas","",29,,8,10,-,4,-,-,-,-,6,-,-,-,-,-,-,-,-,1,-,,
2016,9,"Renault","",8,,-,-,-,6,-,-,-,-,-,-,-,-,-,-,1,1,-,-,-,,
2016,10,"Sauber","",2,,-,-,-,-,-,-,-,-,-,-,-,-,-,-,-,-,-,-,-,,
2016,11,"Manor","",1,,-,-,-,-,-,-,-,-,1,-,-,-,-,-,-,-,-,-,-,,
2017,1,"Mercedes","",668,,33,33,33,37,25,18,43,28,37,43,27,35,43,40,28,37,35,20,,,
2017,2,"Ferrari","",522,,37,28,37,33,18,43,18,12,28,21,43,30,25,-,12,10,33,27,,,
2017,3,"Red Bull","TAG Heuer",368,,10,27,10,10,15,25,15,25,15,22,10,15,13,18,40,33,12,25,,,
2017,4,"Force India","",187,,7,3,7,14,22,-,18,8,10,6,6,2,10,11,9,14,12,16,,,
2017,5,"Williams","",83,,8,-,8,2,-,2,2,15,3,1,-,4,10,4,6,1,2,8,,,
2017,6,"Renault","",57,,-,-,2,4,8,-,4,-,-,8,-,8,-,8,-,-,6,-,,,
2017,7,"Toro Rosso","Renault",53,,6,6,-,1,8,8,-,4,-,-,6,1,-,12,-,-,1,-,,,
2017,8,"Haas","",47,,-,4,4,-,1,5,1,6,8,-,-,6,-,2,-,6,-,4,,,
2017,9,"McLaren","",30,,-,-,-,-,-,-,-,2,-,-,9,-,-,6,6,-,-,1,,,
2017,10,"Sauber","",5,,-,-,-,-,4,-,-,1,-,-,-,-,-,-,-,-,-,-,,,
2018,1,"Mercedes","",655,,22,33,30,25,43,25,28,31,-,30,43,35,30,40,37,43,43,25,22,,
2018,2,"Ferrari","",571,,40,25,19,30,12,30,33,25,33,40,15,33,25,30,25,27,18,37,33,,
2018,3,"Red Bull","TAG Heuer",419,,20,-,35,-,25,27,27,30,25,10,12,12,15,10,26,18,27,18,25,,
2018,4,"Renault","",122,,7,8,10,10,6,5,10,6,-,8,10,2,-,4,5,-,1,14,8,,
2018,5,"Haas","",93,,-,10,1,-,8,-,-,8,22,2,8,7,10,-,-,4,4,-,-,,
2018,6,"McLaren","Renault",62,,12,10,6,8,4,-,-,-,4,4,-,4,-,-,6,-,-,-,4,,
2018,7,"Force India","",52,,-,-,-,-,-,-,-,-,-,-,-,-,18,14,-,3,8,4,-,,
2018,8,"Sauber","",48,,-,2,-,8,1,-,1,1,3,-,2,-,1,-,2,6,-,1,8,,
2018,9,"Toro Rosso","",33,,-,12,-,1,-,6,-,-,-,-,1,8,2,-,-,-,-,2,1,,
2018,10,"Williams","",7,,-,-,-,4,-,-,-,-,-,-,-,-,-,3,-,-,-,-,-,,
2019,1,"Mercedes","",739,,44,43,43,43,44,40,38,43,25,44,2,29,33,34,22,44,41,40,43,,
2019,2,"Ferrari","",504,,22,26,25,26,22,18,33,26,30,15,18,27,38,25,43,15,26,31,13,,
2019,3,"Red Bull","",417,,15,16,21,12,23,23,14,13,32,22,26,27,10,12,23,22,12,18,25,,
2019,4,"McLaren","Renault",145,,-,8,-,10,4,8,-,10,12,8,10,12,-,1,6,12,10,-,10,,
2019,5,"Renault","",91,,6,-,6,-,-,2,14,4,-,7,-,-,4,22,2,1,-,5,10,,
2019,6,"Toro Rosso","",85,,1,2,1,-,2,10,1,-,-,2,23,1,8,-,4,-,7,2,-,,
2019,7,"Racing Point","BWT Mercedes",73,,2,1,4,10,-,-,2,-,-,-,12,-,9,6,-,6,6,6,1,,
2019,8,"Alfa Romeo","",57,,4,6,2,1,-,-,-,6,3,4,-,6,-,2,1,-,-,-,-,,
2019,9,"Haas","",28,,8,-,-,-,7,1,-,-,-,-,10,-,-,-,-,2,-,-,-,,
2019,10,"Williams","",1,,-,-,-,-,-,-,-,-,-,-,1,-,-,-,-,-,-,-,-,,
2020,1,"Mercedes","",573,,37,43,41,25,34,41,43,17,44,41,25,44,44,25,29,,,,,,
2020,2,"Red Bull","",319,,-,27,28,23,35,22,23,-,15,19,19,15,-,14,34,,,,,,
2020,3,"McLaren","Renault",202,,26,13,2,10,2,9,6,30,8,-,10,8,10,15,22,,,,,,
2020,4,"Racing Point","BWT Mercedes",195,,8,-1,18,2,14,22,3,16,10,12,16,6,8,20,-,,,,,,
2020,5,"Renault","",181,,4,4,4,20,4,-,23,12,12,16,15,6,15,1,8,,,,,,
2020,6,"Ferrari","",131,,19,-,8,16,12,6,-,-,5,8,6,13,10,27,1,,,,,,
2020,7,"AlphaTauri","",107,,6,1,-,6,1,2,4,27,6,6,8,10,12,-,8,,,,,,
2020,8,"Alfa Romeo","",8,,2,-,-,-,-,-,-,-,2,-,1,-,3,-,-,,,,,,
2020,9,"Haas","",3,,-,-,1,-,-,-,-,-,-,-,2,-,-,-,-,,,,,,
2020,10,"Williams","",0,,-,-,-,-,-,-,-,-,-,-,-,-,-,-,-,,,,,,
2021,1,"Mercedes","",613.50,,41,19,41,40,7,-,30,34,30,43,18,7.5,34,18,35,36,27,18,43,25,41
2021,2,"Red Bull","",585.50,,28,25,30,29,37,25,41,37,34,3,2,12.5,29,12,20,33,40,40,33,31,18
2021,3,"Ferrari","",323.50,,12,22,8,18,18,16,-,14,14,26,15,2.5,16,20,15,16,18,18,19,10,10
2021,4,"McLaren","",275,,18,23,12,12,15,12,18,10,21,22,-,6,1,45,19,6,14,1,1,2,
2021,5,"Alpine","Renault",155,,-,3,10,2,2,8,4,2,1,8,37,3,10,5,8,1,-,2,6,25,
2021,6,"AlphaTauri","",142,,2,6,1,1,8,21,6,1,2,1,19,4,12,-,-,8,2,12,6,-,
2021,7,"Aston Martin","",77,,1,4,-,-,14,18,3,4,-,4,-,5,-,6,-,2,1,6,-,9,
2021,8,"Williams","",23,,-,-,-,-,-,-,-,-,-,-,10,10,-,2,1,-,-,-,-,-,
2021,9,"Alfa Romeo","",13,,-,-,-,-,1,1,-,-,-,-,1,-,-,-,4,-,-,4,-,-,
2021,10,"Haas","",0,,-,-,-,-,-,-,-,-,-,-,-,-,-,-,-,-,-,-,-,-,
2022,1,"Red Bull","RBPT",759,,-,37,18,58,38,44,40,44,25,24,31,37,35,44,36,34,31,43,37,40,
2022,2,"Ferrari","",554,,44,34,26,20,33,12,30,-,29,37,38,11,20,23,19,30,33,15,15,18,
2022,3,"Mercedes","",515,,27,11,27,12,18,25,14,27,27,16,33,33,34,12,30,25,2,14,29,31,
2022,4,"Alpine","Renault",173,,8,8,6,-,4,8,6,7,10,10,14,12,6,16,10,-,-,18,6,4,
2022,5,"McLaren","",159,,-,6,18,22,-,4,9,6,-,8,8,8,6,-,6,6,22,1,8,8,
2022,6,"Alfa Romeo","",55,,9,-,4,12,6,8,2,-,10,-,-,-,-,-,-,1,-,-,-,1,
2022,7,"Aston Martin","",55,,-,-,-,5,1,-,1,8,1,2,-,1,1,4,1,-,12,8,4,-,
2022,8,"Haas","",37,,10,2,-,3,-,-,-,-,-,5,14,-,-,-,-,-,-,-,2,-,
2022,9,"AlphaTauri","RBPT",35,,4,4,2,6,-,1,-,10,-,-,-,-,-,2,-,4,1,-,1,-,
2022,10,"Williams","",8,,-,-,1,-,2,-,-,-,-,-,-,-,-,1,-,2,-,2,-,-,
2023,1,"Red Bull","Honda RBPT",860,,43,44,36,57,44,25,38,34,56,34,41,51,37,43,14,26,34,49,25,51,
2023,2,"Mercedes","",409,,16,22,18,20,20,23,33,15,11,25,20,24,8,18,16,16,21,18,27,11,
2023,3,"Ferrari","",406,,12,14,-,36,16,12,10,22,32,3,10,24,10,27,37,20,13,24,27,13,
2023,4,"McLaren","",302,,-,-,12,2,-,3,-,-,12,30,28,16,8,4,24,33,47,23,14,26,
2023,5,"Aston Martin","",280,,23,15,27,22,15,18,14,20,21,6,3,12,19,2,-,4,9,6,-,25,
2023,6,"Alpine","Renault",120,,2,6,-,-,6,21,5,4,3,-,-,10,16,-,8,3,6,10,1,7,
2023,7,"Williams","",28,,1,-,-,-,-,-,-,6,-,4,-,-,4,6,-,-,2,3,2,-,
2023,8,"AlphaTauri","Honda RBPT",25,,-,-,1,1,-,-,-,-,-,-,-,1,-,-,2,-,-,5,6,5,
2023,9,"Alfa Romeo","",16,,4,-,2,-,-,-,2,1,-,-,-,-,-,1,-,-,6,-,-,-,
2023,10,"Haas","",12,,-,1,6,-,1,-,-,-,3,-,-,-,-,-,1,-,-,-,-,-,
2024,1,"McLaren","",666,,12,16,27,14,27,28,30,30,28,25,31,27,43,28,38,34,38,40,28,22,27
2024,2,"Ferrari","",652,,27,22,44,27,31,36,25,40,-,18,21,11,20,23,25,37,18,16,55,41,20
2024,3,"Red Bull","Honda RBPT",589,,44,43,10,44,54,44,29,8,25,29,25,18,16,19,26,12,10,19,29,8,32
2024,4,"Mercedes","",468,,16,10,-,8,18,12,15,17,28,27,45,25,20,25,10,16,17,20,15,22,16
2024,5,"Aston Martin","",94,,3,10,12,8,7,2,2,-,14,-,-,10,1,4,1,-,8,4,-,-,-
2024,6,"Alpine","Renault",65,,-,-,-,-,-,1,-,1,3,3,1,-,-,2,2,-,-,-,-,1,35
2024,7,"Haas","",58,,-,1,3,-,1,2,-,-,-,-,12,8,-,-,-,1,1,2,7,8,-
2024,8,"RB","Honda RBPT",46,,-,-,6,1,-,12,1,4,4,-,2,1,2,1,-,-,-,-,2,-,8
2024,9,"Williams","",17,,-,-,-,-,-,-,-,2,-,-,-,2,-,-,-,2,10,-,1,-,-
2024,10,"Kick Sauber","",4,,-,-,-,-,-,-,-,-,-,-,-,-,-,-,-,-,-,-,-,-,-
2025,1,"McLaren","",833,,27,51,33,40,37,58,33,40,43,12,43,43,56,43,25,33,6,27,28,35,43
2025,2,"Mercedes","",469,,27,30,18,18,18,30,6,-,12,40,10,1,10,16,12,12,30,35,16,14,43
2025,3,"Red Bull","Honda RBPT",451,,18,18,25,10,18,16,26,12,1,18,-,10,20,2,20,25,33,18,41,15,20
2025,4,"Ferrari","",398,,5,12,18,22,21,16,20,28,23,18,27,12,26,12,-,20,6,12,36,22,6
2025,5,"Williams","",137,,10,7,2,-,6,12,14,3,-,1,-,4,11,-,10,6,15,1,9,-,-
2025,6,"Racing Bulls","Honda RBPT",92,,-,3,4,-,1,-,2,12,6,-,8,-,5,4,15,1,11,-,-,-,10
2025,7,"Aston Martin","",89,,8,2,-,-,-,4,-,-,2,6,6,8,-,16,10,-,-,6,1,-,3
2025,8,"Haas","",79,,-,14,1,5,-,-,-,6,-,2,1,-,6,-,9,-,-,2,2,14,8
2025,9,"Kick Sauber","",70,,6,-,-,-,-,-,-,-,10,4,6,15,2,8,-,4,-,-,4,1,2
2025,10,"Alpine","Renault",22,,-,-,-,6,-,1,-,-,4,-,-,8,1,-,-,-,-,-,-,-,2
