year,round,event_id,position,first_name,last_name,code,pole_time
2025,1,1254,1,Lando,Norris,NOR,01:15.1
2025,2,1255,1,Oscar,Piastri,PIA,01:30.6
2025,3,1256,1,Max,Verstappen,VER,01:27.0
2025,4,1257,1,Oscar,Piastri,PIA,01:29.8
2025,5,1258,1,Max,Verstappen,VER,01:27.3
2025,6,1259,1,Max,Verstappen,VER,01:26.2
2025,7,1260,1,Oscar,Piastri,PIA,01:14.7
2025,8,1261,1,Lando,Norris,NOR,01:10.0
2025,9,1262,1,Oscar,Piastri,PIA,01:11.5
2025,10,1263,1,George,Russell,RUS,01:10.9
2025,11,1264,1,Lando,Norris,NOR,01:04.0
2025,12,1265,1,Max,Verstappen,VER,01:24.9
2025,13,1266,1,Lando,Norris,NOR,01:40.6
2025,14,1267,1,Charles,Leclerc,LEC,01:15.4
2025,15,1268,1,Oscar,Piastri,PIA,01:08.7
2025,16,1269,1,Max,Verstappen,VER,01:18.8
2025,17,1270,1,Max,Verstappen,VER,01:41.1
2025,18,1271,1,George,Russell,RUS,01:29.2
2025,19,1272,1,Max,Verstappen,VER,01:32.5
2025,20,1273,1,Lando,Norris,NOR,01:15.6
2025,21,1274,1,Lando,Norris,NOR,01:09.5
2025,22,1275,1,Lando,Norris,NOR,01:47.9
2025,23,1276,1,Oscar,Piastri,PIA,01:19.4
2025,24,1277,1,Max,Verstappen,VER,01:22.2
2024,1,1229,1,Max,Verstappen,VER,01:29.2
2024,2,1230,1,Max,Verstappen,VER,01:27.5
2024,3,1231,1,Max,Verstappen,VER,01:15.9
2024,4,1232,1,Max,Verstappen,VER,01:28.2
2024,5,1233,1,Max,Verstappen,VER,01:33.7
2024,6,1234,1,Max,Verstappen,VER,01:27.2
2024,7,1235,1,Max,Verstappen,VER,01:14.7
2024,8,1236,1,Charles,Leclerc,LEC,01:10.3
2024,9,1237,1,George,Russell,RUS,01:12.0
2024,10,1238,1,Lando,Norris,NOR,01:11.4
2024,11,1239,1,Max,Verstappen,VER,01:04.3
2024,12,1240,1,George,Russell,RUS,01:25.8
2024,13,1241,1,Lando,Norris,NOR,01:15.2
2024,14,1242,1,Charles,Leclerc,LEC,01:53.8
2024,15,1243,1,Lando,Norris,NOR,01:09.7
2024,16,1244,1,Lando,Norris,NOR,01:19.3
2024,17,1245,1,Charles,Leclerc,LEC,01:41.4
2024,18,1246,1,Lando,Norris,NOR,01:29.5
2024,19,1247,1,Lando,Norris,NOR,01:32.3
2024,20,1248,1,Carlos,Sainz,SAI,01:15.9
2024,21,1249,1,Lando,Norris,NOR,01:23.4
2024,22,1250,1,George,Russell,RUS,01:32.3
2024,23,1251,1,George,Russell,RUS,01:20.6
2024,24,1252,1,Lando,Norris,NOR,01:22.6
2023,1,1141,1,Max,Verstappen,VER,01:29.7
2023,2,1142,1,Sergio,Perez,PER,01:28.3
2023,3,1143,1,Max,Verstappen,VER,01:16.7
2023,4,1207,1,Charles,Leclerc,LEC,01:40.2
2023,5,1208,1,Sergio,Perez,PER,01:26.8
2023,6,1209,1,,,,
2023,7,1210,1,Max,Verstappen,VER,01:11.4
2023,8,1211,1,Max,Verstappen,VER,01:12.3
2023,9,1212,1,Max,Verstappen,VER,01:25.9
2023,10,1213,1,Max,Verstappen,VER,01:04.4
2023,11,1214,1,Max,Verstappen,VER,01:26.7
2023,12,1215,1,Lewis,Hamilton,HAM,01:16.6
2023,13,1216,1,Charles,Leclerc,LEC,01:47.0
2023,14,1217,1,Max,Verstappen,VER,01:10.6
2023,15,1218,1,Carlos,Sainz,SAI,01:20.3
2023,16,1219,1,Carlos,Sainz,SAI,01:31.0
2023,17,1220,1,Max,Verstappen,VER,01:28.9
2023,18,1221,1,Max,Verstappen,VER,01:23.8
2023,19,1222,1,Charles,Leclerc,LEC,01:34.7
2023,20,1223,1,Charles,Leclerc,LEC,01:17.2
2023,21,1224,1,Max,Verstappen,VER,01:10.7
2023,22,1225,1,Charles,Leclerc,LEC,01:32.7
2023,23,1226,1,Max,Verstappen,VER,01:23.4
2022,1,1108,1,Charles,Leclerc,LEC,01:30.6
2022,2,1109,1,Sergio,Perez,PER,01:28.2
2022,3,1110,1,Charles,Leclerc,LEC,01:17.9
2022,4,1111,1,Max,Verstappen,VER,01:28.0
2022,5,1112,1,Charles,Leclerc,LEC,01:29.0
2022,6,1113,1,Charles,Leclerc,LEC,01:18.7
2022,7,1114,1,Charles,Leclerc,LEC,01:11.4
2022,8,1115,1,Charles,Leclerc,LEC,01:41.4
2022,9,1116,1,Max,Verstappen,VER,01:21.3
2022,10,1117,1,Carlos,Sainz,SAI,01:41.0
2022,11,1118,1,Max,Verstappen,VER,01:05.0
2022,12,1119,1,Charles,Leclerc,LEC,01:30.9
2022,13,1120,1,George,Russell,RUS,01:17.4
2022,14,1124,1,Carlos,Sainz,SAI,01:44.3
2022,15,1125,1,Max,Verstappen,VER,01:10.3
2022,16,1126,1,Charles,Leclerc,LEC,01:20.2
2022,17,1133,1,Charles,Leclerc,LEC,01:49.4
2022,18,1134,1,Max,Verstappen,VER,01:29.3
2022,19,1135,1,Carlos,Sainz,SAI,01:34.4
2022,20,1136,1,Max,Verstappen,VER,01:17.8
2022,21,1137,1,Kevin,Magnussen,MAG,01:11.7
2022,22,1138,1,Max,Verstappen,VER,01:23.8
2021,1,1064,1,Max,Verstappen,VER,01:29.0
2021,2,1065,1,Lewis,Hamilton,HAM,01:14.4
2021,3,1066,1,Valtteri,Bottas,BOT,01:18.3
2021,4,1067,1,Lewis,Hamilton,HAM,01:16.7
2021,5,1068,1,Charles,Leclerc,LEC,01:10.3
2021,6,1070,1,Charles,Leclerc,LEC,01:41.2
2021,7,1071,1,Max,Verstappen,VER,01:30.0
2021,8,1072,1,Max,Verstappen,VER,01:03.8
2021,9,1073,1,Max,Verstappen,VER,01:03.7
2021,10,1074,1,Max,Verstappen,VER,
2021,11,1075,1,Lewis,Hamilton,HAM,01:15.4
2021,12,1076,1,Max,Verstappen,VER,01:59.8
2021,13,1077,1,Max,Verstappen,VER,01:08.9
2021,14,1078,1,Max,Verstappen,VER,
2021,15,1086,1,Lando,Norris,NOR,01:42.0
2021,16,1092,1,Valtteri,Bottas,BOT,01:23.0
2021,17,1102,1,Max,Verstappen,VER,01:32.9
2021,18,1103,1,Valtteri,Bottas,BOT,01:15.9
2021,19,1104,1,Valtteri,Bottas,BOT,
2021,20,1105,1,Lewis,Hamilton,HAM,01:20.8
2021,21,1106,1,Lewis,Hamilton,HAM,01:27.5
2021,22,1107,1,Max,Verstappen,VER,01:22.1
2020,1,1045,1,Valtteri,Bottas,BOT,01:02.9
2020,2,1046,1,Lewis,Hamilton,HAM,01:19.3
2020,3,1047,1,Lewis,Hamilton,HAM,01:13.4
2020,4,1048,1,Lewis,Hamilton,HAM,01:24.3
2020,5,1049,1,Valtteri,Bottas,BOT,01:25.2
2020,6,1050,1,Lewis,Hamilton,HAM,01:15.6
2020,7,1051,1,Lewis,Hamilton,HAM,01:41.3
2020,8,1052,1,Lewis,Hamilton,HAM,01:18.9
2020,9,1053,1,Lewis,Hamilton,HAM,01:15.1
2020,10,1054,1,Lewis,Hamilton,HAM,01:31.3
2020,11,1055,1,Valtteri,Bottas,BOT,01:25.3
2020,12,1056,1,Lewis,Hamilton,HAM,01:16.7
2020,13,1057,1,Valtteri,Bottas,BOT,01:13.6
2020,14,1058,1,Lance,Stroll,STR,01:47.8
2020,15,1059,1,Lewis,Hamilton,HAM,01:27.3
2020,16,1060,1,Valtteri,Bottas,BOT,53.377
2020,17,1061,1,Max,Verstappen,VER,01:35.2
2019,1,1000,1,Lewis,Hamilton,HAM,01:20.5
2019,2,1001,1,Charles,Leclerc,LEC,01:27.9
2019,3,1002,1,Valtteri,Bottas,BOT,01:31.5
2019,4,1003,1,Valtteri,Bottas,BOT,01:40.5
2019,5,1004,1,Valtteri,Bottas,BOT,01:15.4
2019,6,1005,1,Lewis,Hamilton,HAM,01:10.2
2019,7,1006,1,Sebastian,Vettel,VET,01:10.2
2019,8,1007,1,Lewis,Hamilton,HAM,01:28.3
2019,9,1008,1,Charles,Leclerc,LEC,01:03.0
2019,10,1009,1,Valtteri,Bottas,BOT,01:25.1
2019,11,1010,1,Lewis,Hamilton,HAM,01:11.8
2019,12,1011,1,Max,Verstappen,VER,01:14.6
2019,13,1012,1,Charles,Leclerc,LEC,01:42.5
2019,14,1013,1,Charles,Leclerc,LEC,01:19.3
2019,15,1014,1,Charles,Leclerc,LEC,01:36.2
2019,16,1015,1,Charles,Leclerc,LEC,01:31.6
2019,17,1016,1,Sebastian,Vettel,VET,01:27.1
2019,18,1017,1,Charles,Leclerc,LEC,01:15.0
2019,19,1018,1,Valtteri,Bottas,BOT,01:32.0
2019,20,1019,1,Max,Verstappen,VER,01:07.5
2019,21,1020,1,Lewis,Hamilton,HAM,01:34.8
2018,1,979,1,Lewis,Hamilton,HAM,01:21.2
2018,2,980,1,Sebastian,Vettel,VET,01:28.0
2018,3,981,1,Sebastian,Vettel,VET,01:31.1
2018,4,982,1,Sebastian,Vettel,VET,01:41.5
2018,5,983,1,Lewis,Hamilton,HAM,01:16.2
2018,6,984,1,Daniel,Ricciardo,RIC,01:10.8
2018,7,985,1,Sebastian,Vettel,VET,01:10.8
2018,8,986,1,Lewis,Hamilton,HAM,01:30.0
2018,9,987,1,Valtteri,Bottas,BOT,01:03.1
2018,10,988,1,Lewis,Hamilton,HAM,01:25.9
2018,11,989,1,Sebastian,Vettel,VET,01:11.2
2018,12,990,1,Lewis,Hamilton,HAM,01:35.7
2018,13,991,1,Lewis,Hamilton,HAM,01:58.2
2018,14,992,1,Kimi,R?ikk?nen,RAI,01:19.1
2018,15,993,1,Lewis,Hamilton,HAM,01:36.0
2018,16,994,1,Valtteri,Bottas,BOT,01:31.4
2018,17,995,1,Lewis,Hamilton,HAM,01:27.8
2018,18,996,1,Lewis,Hamilton,HAM,01:32.2
2018,19,997,1,Daniel,Ricciardo,RIC,01:14.8
2018,20,998,1,Lewis,Hamilton,HAM,01:07.3
2018,21,999,1,Lewis,Hamilton,HAM,01:34.8
2017,1,959,1,Lewis,Hamilton,HAM,01:22.2
2017,2,960,1,Lewis,Hamilton,HAM,01:31.7
2017,3,961,1,Valtteri,Bottas,BOT,01:28.8
2017,4,962,1,Sebastian,Vettel,VET,01:33.2
2017,5,963,1,Lewis,Hamilton,HAM,01:19.1
2017,6,964,1,Kimi,R?ikk?nen,RAI,01:12.2
2017,7,965,1,Lewis,Hamilton,HAM,01:11.5
2017,8,966,1,Lewis,Hamilton,HAM,01:40.6
2017,9,967,1,Valtteri,Bottas,BOT,01:04.3
2017,10,968,1,Lewis,Hamilton,HAM,01:26.6
2017,11,969,1,Sebastian,Vettel,VET,01:16.3
2017,12,970,1,Lewis,Hamilton,HAM,01:42.6
2017,13,971,1,Lewis,Hamilton,HAM,01:35.6
2017,14,972,1,Sebastian,Vettel,VET,01:39.5
2017,15,973,1,Lewis,Hamilton,HAM,01:30.1
2017,16,974,1,Lewis,Hamilton,HAM,01:27.3
2017,17,975,1,Lewis,Hamilton,HAM,01:33.1
2017,18,976,1,Sebastian,Vettel,VET,01:16.5
2017,19,977,1,Valtteri,Bottas,BOT,01:08.3
2017,20,978,1,Valtteri,Bottas,BOT,01:36.2
2016,1,938,1,Lewis,Hamilton,HAM,01:23.8
2016,2,939,1,Lewis,Hamilton,HAM,01:29.5
2016,3,940,1,Nico,Rosberg,ROS,01:35.4
2016,4,941,1,Nico,Rosberg,ROS,01:35.4
2016,5,942,1,Lewis,Hamilton,HAM,01:22.0
2016,6,943,1,Daniel,Ricciardo,RIC,01:13.6
2016,7,944,1,Lewis,Hamilton,HAM,01:12.8
2016,8,945,1,Nico,Rosberg,ROS,01:42.8
2016,9,946,1,Lewis,Hamilton,HAM,01:07.9
2016,10,947,1,Lewis,Hamilton,HAM,01:29.3
2016,11,948,1,Nico,Rosberg,ROS,01:20.0
2016,12,949,1,Nico,Rosberg,ROS,01:14.4
2016,13,950,1,Nico,Rosberg,ROS,01:46.7
2016,14,951,1,Lewis,Hamilton,HAM,01:21.1
2016,15,952,1,Nico,Rosberg,ROS,01:42.6
2016,16,953,1,Lewis,Hamilton,HAM,01:32.8
2016,17,954,1,Nico,Rosberg,ROS,01:30.6
2016,18,955,1,Lewis,Hamilton,HAM,01:35.0
2016,19,956,1,Lewis,Hamilton,HAM,01:18.7
2016,20,957,1,Lewis,Hamilton,HAM,01:10.7
2016,21,958,1,Lewis,Hamilton,HAM,01:38.8
2015,1,917,1,Lewis,Hamilton,HAM,01:26.3
2015,2,918,1,Lewis,Hamilton,HAM,01:49.8
2015,3,919,1,Lewis,Hamilton,HAM,01:35.8
2015,4,920,1,Lewis,Hamilton,HAM,01:32.6
2015,5,921,1,Nico,Rosberg,ROS,01:24.7
2015,6,922,1,Lewis,Hamilton,HAM,01:15.1
2015,7,923,1,Lewis,Hamilton,HAM,01:14.4
2015,8,924,1,Lewis,Hamilton,HAM,01:08.5
2015,9,925,1,Lewis,Hamilton,HAM,01:32.2
2015,10,927,1,Lewis,Hamilton,HAM,01:22.0
2015,11,928,1,Lewis,Hamilton,HAM,01:47.2
2015,12,929,1,Lewis,Hamilton,HAM,01:23.4
2015,13,930,1,Sebastian,Vettel,VET,01:43.9
2015,14,931,1,Nico,Rosberg,ROS,01:32.6
2015,15,932,1,Nico,Rosberg,ROS,01:37.1
2015,16,933,1,Nico,Rosberg,ROS,01:56.8
2015,17,934,1,Nico,Rosberg,ROS,01:19.5
2015,18,935,1,Nico,Rosberg,ROS,01:11.3
2015,19,936,1,Nico,Rosberg,ROS,01:40.2
2014,1,898,1,Lewis,Hamilton,HAM,01:44.2
2014,2,899,1,Lewis,Hamilton,HAM,01:59.4
2014,3,900,1,Nico,Rosberg,ROS,01:33.2
2014,4,901,1,Lewis,Hamilton,HAM,01:53.9
2014,5,902,1,Lewis,Hamilton,HAM,01:25.2
2014,6,903,1,Nico,Rosberg,ROS,01:16.0
2014,7,904,1,Nico,Rosberg,ROS,01:14.9
2014,8,905,1,Felipe,Massa,MAS,01:08.8
2014,9,906,1,Nico,Rosberg,ROS,01:35.8
2014,10,907,1,Nico,Rosberg,ROS,01:16.5
2014,11,908,1,Nico,Rosberg,ROS,01:22.7
2014,12,909,1,Nico,Rosberg,ROS,02:05.6
2014,13,910,1,Lewis,Hamilton,HAM,01:24.1
2014,14,911,1,Lewis,Hamilton,HAM,01:45.7
2014,15,912,1,Nico,Rosberg,ROS,01:32.5
2014,16,913,1,Lewis,Hamilton,HAM,01:38.5
2014,17,914,1,Nico,Rosberg,ROS,01:36.1
2014,18,915,1,Nico,Rosberg,ROS,01:10.0
2014,19,916,1,Nico,Rosberg,ROS,01:40.5
2013,1,879,1,Sebastian,Vettel,VET,01:27.4
2013,2,880,1,Sebastian,Vettel,VET,01:49.7
2013,3,881,1,Lewis,Hamilton,HAM,01:34.5
2013,4,882,1,Nico,Rosberg,ROS,01:32.3
2013,5,883,1,Nico,Rosberg,ROS,01:20.7
2013,6,884,1,Nico,Rosberg,ROS,01:13.9
2013,7,885,1,Sebastian,Vettel,VET,01:25.4
2013,8,886,1,Lewis,Hamilton,HAM,01:29.6
2013,9,887,1,Lewis,Hamilton,HAM,01:29.4
2013,10,888,1,Lewis,Hamilton,HAM,01:19.4
2013,11,889,1,Lewis,Hamilton,HAM,02:01.0
2013,12,890,1,Sebastian,Vettel,VET,01:23.8
2013,13,891,1,Sebastian,Vettel,VET,01:42.8
2013,14,892,1,Sebastian,Vettel,VET,01:37.2
2013,15,893,1,Mark,Webber,WEB,01:30.9
2013,16,894,1,Sebastian,Vettel,VET,01:24.1
2013,17,895,1,Mark,Webber,WEB,01:40.0
2013,18,896,1,Sebastian,Vettel,VET,01:36.3
2013,19,897,1,Sebastian,Vettel,VET,01:26.5
2012,1,1,1,Lewis,Hamilton,HAM,01:24.9
2012,3,10,1,Nico,Rosberg,ROS,01:35.1
2012,4,11,1,Sebastian,Vettel,VET,01:32.4
2012,5,12,1,Pastor,Maldonado,MAL,01:22.3
2012,6,13,1,Mark,Webber,WEB,01:14.4
2012,7,14,1,Sebastian,Vettel,VET,01:13.8
2012,8,15,1,Sebastian,Vettel,VET,01:38.1
2012,9,16,1,Fernando,Alonso,ALO,01:51.7
2012,10,17,1,Fernando,Alonso,ALO,01:40.6
2012,11,18,1,Lewis,Hamilton,HAM,01:21.0
2012,12,19,1,Jenson,Button,BUT,01:47.6
2012,13,20,1,Lewis,Hamilton,HAM,01:24.0
2012,14,21,1,Lewis,Hamilton,HAM,01:46.4
2012,15,22,1,Sebastian,Vettel,VET,01:30.8
2012,16,23,1,Mark,Webber,WEB,01:37.2
2012,17,24,1,Sebastian,Vettel,VET,01:25.3
2012,18,25,1,Lewis,Hamilton,HAM,01:40.6
2012,19,26,1,Sebastian,Vettel,VET,01:35.7
2012,20,27,1,Lewis,Hamilton,HAM,01:12.5
2012,2,4,1,Lewis,Hamilton,HAM,01:36.2
2011,1,28,1,Sebastian,Vettel,VET,01:23.5
2011,2,29,1,Sebastian,Vettel,VET,01:34.9
2011,3,30,1,Sebastian,Vettel,VET,01:33.7
2011,4,31,1,Sebastian,Vettel,VET,01:25.0
2011,5,32,1,Mark,Webber,WEB,01:21.0
2011,6,33,1,Sebastian,Vettel,VET,01:13.6
2011,7,34,1,Sebastian,Vettel,VET,01:13.0
2011,8,35,1,Sebastian,Vettel,VET,01:37.0
2011,9,36,1,Mark,Webber,WEB,01:30.4
2011,10,37,1,Mark,Webber,WEB,01:30.1
2011,11,38,1,Sebastian,Vettel,VET,01:19.8
2011,12,39,1,Sebastian,Vettel,VET,01:48.3
2011,13,40,1,Sebastian,Vettel,VET,01:22.3
2011,14,41,1,Sebastian,Vettel,VET,01:44.4
2011,15,42,1,Sebastian,Vettel,VET,01:30.5
2011,16,43,1,Lewis,Hamilton,HAM,01:35.8
2011,17,44,1,Sebastian,Vettel,VET,01:24.2
2011,18,45,1,Sebastian,Vettel,VET,01:38.5
2011,19,46,1,Sebastian,Vettel,VET,01:11.9
2010,1,860,1,Sebastian,Vettel,VET,01:54.1
2010,2,861,1,Sebastian,Vettel,VET,01:23.9
2010,3,862,1,Mark,Webber,WEB,01:49.3
2010,4,863,1,Sebastian,Vettel,VET,01:34.6
2010,5,864,1,Mark,Webber,WEB,01:20.0
2010,6,865,1,Mark,Webber,WEB,01:13.8
2010,7,866,1,Mark,Webber,WEB,01:26.3
2010,8,867,1,Lewis,Hamilton,HAM,01:15.1
2010,9,868,1,Sebastian,Vettel,VET,01:37.6
2010,10,869,1,Sebastian,Vettel,VET,01:29.6
2010,11,870,1,Sebastian,Vettel,VET,01:13.8
2010,12,871,1,Sebastian,Vettel,VET,01:18.8
2010,13,872,1,Mark,Webber,WEB,01:45.8
2010,14,873,1,Fernando,Alonso,ALO,01:22.0
2010,15,874,1,Fernando,Alonso,ALO,01:45.4
2010,16,875,1,Sebastian,Vettel,VET,01:30.8
2010,17,876,1,Sebastian,Vettel,VET,01:35.6
2010,18,877,1,Nico,Hulkenberg,HUL,01:14.5
2010,19,878,1,Sebastian,Vettel,VET,01:39.4
2009,1,843,1,Jenson,Button,BUT,01:26.2
2009,2,844,1,Jenson,Button,BUT,01:35.2
2009,3,845,1,Sebastian,Vettel,VET,01:36.2
2009,4,846,1,Jarno,Trulli,TRU,01:33.4
2009,5,847,1,Jenson,Button,BUT,01:20.5
2009,6,848,1,Jenson,Button,BUT,01:14.9
2009,7,849,1,Sebastian,Vettel,VET,01:28.3
2009,8,850,1,Sebastian,Vettel,VET,01:19.5
2009,9,851,1,Mark,Webber,WEB,01:32.2
2009,10,852,1,Fernando,Alonso,ALO,01:21.6
2009,11,853,1,Lewis,Hamilton,HAM,01:39.5
2009,12,854,1,Giancarlo,Fisichella,FIS,01:46.3
2009,13,855,1,Lewis,Hamilton,HAM,01:24.1
2009,14,856,1,Lewis,Hamilton,HAM,01:47.9
2009,15,857,1,Sebastian,Vettel,VET,01:32.2
2009,16,858,1,Rubens,Barrichello,BAR,01:19.6
2009,17,859,1,Lewis,Hamilton,HAM,01:40.9
2008,1,825,1,Lewis,Hamilton,HAM,01:26.7
2008,2,826,1,Felipe,Massa,MAS,01:35.7
2008,3,827,1,Robert,Kubica,KUB,01:33.1
2008,4,828,1,Kimi,R?ikk?nen,RAI,01:21.8
2008,5,829,1,Felipe,Massa,MAS,01:27.6
2008,6,830,1,Felipe,Massa,MAS,01:15.8
2008,7,831,1,Lewis,Hamilton,HAM,01:17.9
2008,8,832,1,Kimi,R?ikk?nen,RAI,01:16.4
2008,9,833,1,Heikki,Kovalainen,KOV,01:21.0
2008,10,834,1,Lewis,Hamilton,HAM,01:15.7
2008,11,835,1,Lewis,Hamilton,HAM,01:20.9
2008,12,836,1,Felipe,Massa,MAS,01:39.0
2008,13,837,1,Lewis,Hamilton,HAM,01:47.3
2008,14,838,1,Sebastian,Vettel,VET,01:37.6
2008,15,839,1,Felipe,Massa,MAS,01:44.8
2008,16,840,1,Lewis,Hamilton,HAM,01:18.4
2008,17,841,1,Lewis,Hamilton,HAM,01:36.3
2008,18,842,1,Felipe,Massa,MAS,01:12.4
2007,1,808,1,Kimi,R?ikk?nen,RAI,01:26.1
2007,2,809,1,Felipe,Massa,MAS,01:35.0
2007,3,810,1,Felipe,Massa,MAS,01:32.7
2007,4,811,1,Felipe,Massa,MAS,01:21.4
2007,5,812,1,Fernando,Alonso,ALO,01:15.7
2007,6,813,1,Lewis,Hamilton,HAM,01:15.7
2007,7,814,1,Lewis,Hamilton,HAM,01:12.3
2007,8,815,1,Felipe,Massa,MAS,01:15.0
2007,9,816,1,Lewis,Hamilton,HAM,01:20.0
2007,10,817,1,Kimi,R?ikk?nen,RAI,01:31.5
2007,11,818,1,Lewis,Hamilton,HAM,01:19.8
2007,12,819,1,Felipe,Massa,MAS,01:27.3
2007,13,820,1,Fernando,Alonso,ALO,01:22.0
2007,14,821,1,Kimi,R?ikk?nen,RAI,01:46.0
2007,15,822,1,Lewis,Hamilton,HAM,01:25.4
2007,16,823,1,Lewis,Hamilton,HAM,01:35.9
2007,17,824,1,Felipe,Massa,MAS,01:11.9
2006,1,790,1,Michael,Schumacher,MSC,01:31.4
2006,2,791,1,Giancarlo,Fisichella,FIS,01:33.8
2006,3,792,1,Jenson,Button,BUT,01:25.2
2006,4,793,1,Michael,Schumacher,MSC,01:22.8
2006,5,794,1,Fernando,Alonso,ALO,01:29.8
2006,6,795,1,Fernando,Alonso,ALO,01:14.6
2006,7,796,1,Fernando,Alonso,ALO,01:14.0
2006,8,797,1,Fernando,Alonso,ALO,01:20.3
2006,9,798,1,Fernando,Alonso,ALO,01:14.9
2006,10,799,1,Michael,Schumacher,MSC,01:10.8
2006,11,800,1,Michael,Schumacher,MSC,01:15.5
2006,12,801,1,Kimi,R?ikk?nen,RAI,01:14.1
2006,13,802,1,Kimi,R?ikk?nen,RAI,01:19.6
2006,14,803,1,Felipe,Massa,MAS,01:26.9
2006,15,804,1,Kimi,R?ikk?nen,RAI,01:21.5
2006,16,805,1,Fernando,Alonso,ALO,01:44.4
2006,17,806,1,Felipe,Massa,MAS,01:29.6
2006,18,807,1,Felipe,Massa,MAS,01:10.7
2005,1,771,1,Giancarlo,Fisichella,FIS,03:01.5
2005,2,772,1,Fernando,Alonso,ALO,03:07.7
2005,3,773,1,Fernando,Alonso,ALO,03:01.9
2005,4,774,1,Kimi,R?ikk?nen,RAI,02:42.9
2005,5,775,1,Kimi,R?ikk?nen,RAI,02:31.4
2005,6,776,1,Kimi,R?ikk?nen,RAI,02:30.3
2005,7,777,1,Nick,Heidfeld,HEI,01:30.1
2005,8,778,1,Jenson,Button,BUT,01:15.2
2005,9,779,1,Jarno,Trulli,TRU,01:10.6
2005,10,780,1,Fernando,Alonso,ALO,01:14.4
2005,11,781,1,Fernando,Alonso,ALO,01:19.9
2005,12,782,1,Kimi,R?ikk?nen,RAI,01:14.3
2005,13,783,1,Michael,Schumacher,MSC,01:19.9
2005,14,784,1,Kimi,R?ikk?nen,RAI,01:26.8
2005,15,785,1,Juan Pablo,Montoya,MOY,01:21.1
2005,16,786,1,Juan Pablo,Montoya,MOY,01:46.4
2005,17,787,1,Fernando,Alonso,ALO,01:12.0
2005,18,788,1,Ralf,Schumacher,RSC,01:46.1
2005,19,789,1,Fernando,Alonso,ALO,01:34.1
2004,1,753,1,Michael,Schumacher,MSC,01:24.4
2004,2,754,1,Michael,Schumacher,MSC,01:33.1
2004,3,755,1,Michael,Schumacher,MSC,01:30.1
2004,4,756,1,Jenson,Button,BUT,01:19.8
2004,5,757,1,Michael,Schumacher,MSC,01:15.0
2004,6,758,1,Jarno,Trulli,TRU,01:14.0
2004,7,759,1,Michael,Schumacher,MSC,01:28.4
2004,8,760,1,Ralf,Schumacher,RSC,01:12.3
2004,9,761,1,Rubens,Barrichello,BAR,01:10.2
2004,10,762,1,Fernando,Alonso,ALO,01:13.7
2004,11,763,1,Kimi,R?ikk?nen,RAI,01:18.2
2004,12,764,1,Michael,Schumacher,MSC,01:13.3
2004,13,765,1,Michael,Schumacher,MSC,01:19.1
2004,14,766,1,Jarno,Trulli,TRU,01:56.2
2004,15,767,1,Rubens,Barrichello,BAR,01:20.1
2004,16,768,1,Rubens,Barrichello,BAR,01:34.0
2004,17,769,1,Michael,Schumacher,MSC,01:33.5
2004,18,770,1,Rubens,Barrichello,BAR,01:10.6
2003,1,737,1,Michael,Schumacher,MSC,01:27.2
2003,2,738,1,Fernando,Alonso,ALO,01:37.0
2003,3,739,1,Rubens,Barrichello,BAR,01:13.8
2003,4,740,1,Michael,Schumacher,MSC,01:22.3
2003,5,741,1,Michael,Schumacher,MSC,01:17.8
2003,6,742,1,Michael,Schumacher,MSC,01:09.1
2003,7,743,1,Ralf,Schumacher,RSC,01:15.3
2003,8,744,1,Ralf,Schumacher,RSC,01:15.5
2003,9,745,1,Kimi,R?ikk?nen,RAI,01:31.5
2003,10,746,1,Ralf,Schumacher,RSC,01:15.0
2003,11,747,1,Rubens,Barrichello,BAR,01:21.2
2003,12,748,1,Juan Pablo,Montoya,MOY,01:15.2
2003,13,749,1,Fernando,Alonso,ALO,01:21.7
2003,14,750,1,Michael,Schumacher,MSC,01:21.0
2003,15,751,1,Kimi,R?ikk?nen,RAI,01:11.7
2003,16,752,1,Rubens,Barrichello,BAR,01:31.7
2002,1,720,1,Rubens,Barrichello,BAR,01:25.8
2002,2,721,1,Michael,Schumacher,MSC,01:35.3
2002,3,722,1,Juan Pablo,Montoya,MOY,01:13.1
2002,4,723,1,Michael,Schumacher,MSC,01:21.1
2002,5,724,1,Michael,Schumacher,MSC,01:16.4
2002,6,725,1,Rubens,Barrichello,BAR,01:08.1
2002,7,726,1,Juan Pablo,Montoya,MOY,01:16.7
2002,8,727,1,Juan Pablo,Montoya,MOY,01:12.8
2002,9,728,1,Juan Pablo,Montoya,MOY,01:29.9
2002,10,729,1,Juan Pablo,Montoya,MOY,01:19.0
2002,11,730,1,Juan Pablo,Montoya,MOY,01:12.0
2002,12,731,1,Michael,Schumacher,MSC,01:14.4
2002,13,732,1,Rubens,Barrichello,BAR,01:13.3
2002,14,733,1,Michael,Schumacher,MSC,01:43.7
2002,15,734,1,Juan Pablo,Montoya,MOY,01:20.3
2002,16,735,1,Michael,Schumacher,MSC,01:10.8
2002,17,736,1,Michael,Schumacher,MSC,01:31.3
2001,1,703,1,Michael,Schumacher,MSC,01:26.9
2001,2,704,1,Michael,Schumacher,MSC,01:35.2
2001,3,705,1,Michael,Schumacher,MSC,01:13.8
2001,4,706,1,David,Coulthard,COU,01:23.1
2001,5,707,1,Michael,Schumacher,MSC,01:18.2
2001,6,708,1,Michael,Schumacher,MSC,01:09.6
2001,7,709,1,David,Coulthard,COU,01:17.4
2001,8,710,1,Michael,Schumacher,MSC,01:15.8
2001,9,711,1,Michael,Schumacher,MSC,01:15.0
2001,10,712,1,Ralf,Schumacher,RSC,01:13.0
2001,11,713,1,Michael,Schumacher,MSC,01:20.4
2001,12,714,1,Juan Pablo,Montoya,MOY,01:38.1
2001,13,715,1,Michael,Schumacher,MSC,01:14.1
2001,14,716,1,Juan Pablo,Montoya,MOY,01:52.1
2001,15,717,1,Juan Pablo,Montoya,MOY,01:22.2
2001,16,718,1,Michael,Schumacher,MSC,01:11.7
2001,17,719,1,Michael,Schumacher,MSC,01:32.5
2000,1,47,1,Mika,Hakkinen,HAK,01:30.6
2000,2,48,1,Mika,Hakkinen,HAK,01:14.1
2000,3,49,1,Mika,Hakkinen,HAK,01:24.7
2000,4,50,1,Rubens,Barrichello,BAR,01:25.7
2000,5,51,1,Michael,Schumacher,MSC,01:21.0
2000,6,52,1,David,Coulthard,COU,01:17.5
2000,7,53,1,Michael,Schumacher,MSC,01:19.5
2000,8,54,1,Michael,Schumacher,MSC,01:18.4
2000,9,55,1,Michael,Schumacher,MSC,01:15.6
2000,10,56,1,Mika,Hakkinen,HAK,01:10.4
2000,11,57,1,David,Coulthard,COU,01:45.7
2000,12,58,1,Michael,Schumacher,MSC,01:17.5
2000,13,59,1,Mika,Hakkinen,HAK,01:50.6
2000,14,60,1,Michael,Schumacher,MSC,01:23.8
2000,15,61,1,Michael,Schumacher,MSC,01:14.3
2000,16,62,1,Michael,Schumacher,MSC,01:35.8
2000,17,63,1,Michael,Schumacher,MSC,01:37.4
1999,1,687,1,Mika,Hakkinen,HAK,01:30.5
1999,2,688,1,Mika,Hakkinen,HAK,01:16.6
1999,3,689,1,Mika,Hakkinen,HAK,01:26.4
1999,4,690,1,Mika,Hakkinen,HAK,01:20.5
1999,5,691,1,Mika,Hakkinen,HAK,01:22.1
1999,6,692,1,Michael,Schumacher,MSC,01:19.3
1999,7,693,1,Rubens,Barrichello,BAR,01:38.4
1999,8,694,1,Mika,Hakkinen,HAK,01:24.8
1999,9,695,1,Mika,Hakkinen,HAK,01:11.0
1999,10,696,1,Mika,Hakkinen,HAK,01:43.0
1999,11,697,1,Mika,Hakkinen,HAK,01:18.2
1999,12,698,1,Mika,Hakkinen,HAK,01:50.3
1999,13,699,1,Mika,Hakkinen,HAK,01:22.4
1999,14,700,1,Heinz-Harald,Frentzen,FRE,01:19.9
1999,15,701,1,Michael,Schumacher,MSC,01:39.7
1999,16,702,1,Michael,Schumacher,MSC,01:37.5
1998,1,671,1,Mika,Hakkinen,HAK,01:30.0
1998,2,672,1,Mika,Hakkinen,HAK,01:17.1
1998,3,673,1,David,Coulthard,COU,01:25.9
1998,4,674,1,David,Coulthard,COU,01:26.0
1998,5,675,1,Mika,Hakkinen,HAK,01:20.3
1998,6,676,1,Mika,Hakkinen,HAK,01:19.8
1998,7,677,1,David,Coulthard,COU,01:18.2
1998,8,678,1,Mika,Hakkinen,HAK,01:14.9
1998,9,679,1,Mika,Hakkinen,HAK,01:23.3
1998,10,680,1,Giancarlo,Fisichella,FIS,01:29.6
1998,11,681,1,Mika,Hakkinen,HAK,01:41.8
1998,12,682,1,Mika,Hakkinen,HAK,01:17.0
1998,13,683,1,Mika,Hakkinen,HAK,01:48.7
1998,14,684,1,Michael,Schumacher,MSC,01:25.3
1998,15,685,1,Michael,Schumacher,MSC,01:18.6
1998,16,686,1,Michael,Schumacher,MSC,01:36.3
1997,1,654,1,Jacques,Villeneuve,VIL,01:29.4
1997,2,655,1,Jacques,Villeneuve,VIL,01:16.0
1997,3,656,1,Jacques,Villeneuve,VIL,01:24.5
1997,4,657,1,Jacques,Villeneuve,VIL,01:23.3
1997,5,658,1,Heinz-Harald,Frentzen,FRE,01:18.2
1997,6,659,1,Jacques,Villeneuve,VIL,01:16.5
1997,7,660,1,Michael,Schumacher,MSC,01:18.1
1997,8,661,1,Michael,Schumacher,MSC,01:14.5
1997,9,662,1,Jacques,Villeneuve,VIL,01:21.6
1997,10,663,1,Gerhard,Berger,BER,01:41.9
1997,11,664,1,Michael,Schumacher,MSC,01:14.7
1997,12,665,1,Jacques,Villeneuve,VIL,01:49.5
1997,13,666,1,Jean,Alesi,ALE,01:23.0
1997,14,667,1,Jacques,Villeneuve,VIL,01:10.3
1997,15,668,1,Mika,Hakkinen,HAK,01:16.6
1997,16,669,1,Jacques,Villeneuve,VIL,01:36.1
1997,17,670,1,Jacques,Villeneuve,VIL,01:21.1
1996,1,638,1,Jacques,Villeneuve,VIL,01:32.4
1996,2,639,1,Damon,Hill,HIL,01:18.1
1996,3,640,1,Damon,Hill,HIL,01:30.3
1996,4,641,1,Damon,Hill,HIL,01:18.9
1996,5,642,1,Michael,Schumacher,MSC,01:26.9
1996,6,643,1,Michael,Schumacher,MSC,01:20.4
1996,7,644,1,Damon,Hill,HIL,01:20.7
1996,8,645,1,Damon,Hill,HIL,01:21.1
1996,9,646,1,Michael,Schumacher,MSC,01:16.0
1996,10,647,1,Damon,Hill,HIL,01:26.9
1996,11,648,1,Damon,Hill,HIL,01:43.9
1996,12,649,1,Michael,Schumacher,MSC,01:17.1
1996,13,650,1,Jacques,Villeneuve,VIL,01:50.6
1996,14,651,1,Damon,Hill,HIL,01:24.2
1996,15,652,1,Damon,Hill,HIL,01:20.3
1996,16,653,1,Jacques,Villeneuve,VIL,01:38.9
1995,1,621,1,Damon,Hill,HIL,01:20.1
1995,2,622,1,David,Coulthard,COU,01:53.2
1995,3,623,1,Michael,Schumacher,MSC,01:27.3
1995,4,624,1,Michael,Schumacher,MSC,01:21.5
1995,5,625,1,Damon,Hill,HIL,01:22.0
1995,6,626,1,Michael,Schumacher,MSC,01:27.7
1995,7,627,1,Damon,Hill,HIL,01:17.2
1995,8,628,1,Damon,Hill,HIL,01:28.1
1995,9,629,1,Damon,Hill,HIL,01:44.4
1995,10,630,1,Damon,Hill,HIL,01:17.0
1995,11,631,1,Gerhard,Berger,BER,01:54.4
1995,12,632,1,David,Coulthard,COU,01:24.5
1995,13,633,1,David,Coulthard,COU,01:20.5
1995,14,634,1,David,Coulthard,COU,01:18.7
1995,15,635,1,David,Coulthard,COU,01:14.0
1995,16,636,1,Michael,Schumacher,MSC,01:38.0
1995,17,637,1,Damon,Hill,HIL,01:15.5
1994,1,605,1,Ayrton,Senna,SEN,01:16.0
1994,2,606,1,Ayrton,Senna,SEN,01:10.2
1994,3,607,1,Ayrton,Senna,SEN,01:21.5
1994,4,608,1,Michael,Schumacher,MSC,01:18.6
1994,5,609,1,Michael,Schumacher,MSC,01:21.9
1994,6,610,1,Michael,Schumacher,MSC,01:26.2
1994,7,611,1,Damon,Hill,HIL,01:16.3
1994,8,612,1,Damon,Hill,HIL,01:25.0
1994,9,613,1,Gerhard,Berger,BER,01:43.6
1994,10,614,1,Michael,Schumacher,MSC,01:18.3
1994,11,615,1,Rubens,Barrichello,BAR,02:21.2
1994,12,616,1,Jean,Alesi,ALE,01:23.8
1994,13,617,1,Gerhard,Berger,BER,01:20.6
1994,14,618,1,Michael,Schumacher,MSC,01:22.8
1994,15,619,1,Michael,Schumacher,MSC,01:37.2
1994,16,620,1,Nigel,Mansell,MAN,01:16.2
1993,1,3,1,Alain,Prost,PRO,01:15.7
1993,2,590,1,Alain,Prost,PRO,01:15.9
1993,3,591,1,Alain,Prost,PRO,01:10.5
1993,4,592,1,Alain,Prost,PRO,01:22.1
1993,5,593,1,Alain,Prost,PRO,01:17.8
1993,6,594,1,Alain,Prost,PRO,01:20.6
1993,7,595,1,Alain,Prost,PRO,01:19.0
1993,8,596,1,Damon,Hill,HIL,01:14.4
1993,9,597,1,Alain,Prost,PRO,01:19.0
1993,10,598,1,Alain,Prost,PRO,01:38.7
1993,11,599,1,Alain,Prost,PRO,01:14.6
1993,12,600,1,Alain,Prost,PRO,01:47.6
1993,13,601,1,Alain,Prost,PRO,01:21.2
1993,14,602,1,Damon,Hill,HIL,01:11.5
1993,15,603,1,Alain,Prost,PRO,01:37.2
1993,16,604,1,Ayrton,Senna,SEN,01:13.4
1992,1,2,1,Nigel,Mansell,MAN,01:15.5
1992,2,575,1,Nigel,Mansell,MAN,01:16.3
1992,3,576,1,Nigel,Mansell,MAN,01:15.7
1992,4,577,1,Nigel,Mansell,MAN,01:20.2
1992,5,578,1,Nigel,Mansell,MAN,01:21.8
1992,6,579,1,Nigel,Mansell,MAN,01:19.5
1992,7,580,1,Ayrton,Senna,SEN,01:19.8
1992,8,581,1,Nigel,Mansell,MAN,01:13.9
1992,9,582,1,Nigel,Mansell,MAN,01:19.0
1992,10,583,1,Nigel,Mansell,MAN,01:38.0
1992,11,584,1,Riccardo,Patrese,PAT,01:15.5
1992,12,585,1,Nigel,Mansell,MAN,01:50.5
1992,13,586,1,Nigel,Mansell,MAN,01:22.2
1992,14,587,1,Nigel,Mansell,MAN,01:13.0
1992,15,588,1,Nigel,Mansell,MAN,01:37.4
1992,16,589,1,Nigel,Mansell,MAN,01:13.7
1991,1,559,1,Ayrton,Senna,SEN,01:21.4
1991,2,560,1,Ayrton,Senna,SEN,01:16.4
1991,3,561,1,Ayrton,Senna,SEN,01:21.9
1991,4,562,1,Ayrton,Senna,SEN,01:20.3
1991,5,563,1,Riccardo,Patrese,PAT,01:19.8
1991,6,564,1,Riccardo,Patrese,PAT,01:16.7
1991,7,565,1,Riccardo,Patrese,PAT,01:14.6
1991,8,566,1,Nigel,Mansell,MAN,01:20.9
1991,9,567,1,Nigel,Mansell,MAN,01:37.1
1991,10,568,1,Ayrton,Senna,SEN,01:16.1
1991,11,569,1,Ayrton,Senna,SEN,01:47.8
1991,12,570,1,Ayrton,Senna,SEN,01:21.1
1991,13,571,1,Riccardo,Patrese,PAT,01:13.0
1991,14,572,1,Gerhard,Berger,BER,01:18.8
1991,15,573,1,Gerhard,Berger,BER,01:34.7
1991,16,574,1,Ayrton,Senna,SEN,01:14.0
1990,1,64,1,Gerhard,Berger,BER,01:28.7
1990,2,65,1,Ayrton,Senna,SEN,01:17.3
1990,3,66,1,Ayrton,Senna,SEN,01:23.2
1990,4,67,1,Ayrton,Senna,SEN,01:21.3
1990,5,68,1,Ayrton,Senna,SEN,01:20.4
1990,6,69,1,Gerhard,Berger,BER,01:17.2
1990,7,70,1,Nigel,Mansell,MAN,01:04.4
1990,8,71,1,Nigel,Mansell,MAN,01:07.4
1990,9,72,1,Ayrton,Senna,SEN,01:40.2
1990,10,73,1,Thierry,Boutsen,BOU,01:17.9
1990,11,74,1,Ayrton,Senna,SEN,01:50.4
1990,12,75,1,Ayrton,Senna,SEN,01:22.5
1990,13,76,1,Nigel,Mansell,MAN,01:13.6
1990,14,77,1,Ayrton,Senna,SEN,01:18.4
1990,15,78,1,Ayrton,Senna,SEN,01:37.0
1990,16,79,1,Ayrton,Senna,SEN,01:15.7
1989,1,543,1,Ayrton,Senna,SEN,01:25.3
1989,2,544,1,Ayrton,Senna,SEN,01:26.0
1989,3,545,1,Ayrton,Senna,SEN,01:22.3
1989,4,546,1,Ayrton,Senna,SEN,01:17.9
1989,5,547,1,Ayrton,Senna,SEN,01:30.1
1989,6,548,1,Alain,Prost,PRO,01:21.0
1989,7,549,1,Alain,Prost,PRO,01:07.2
1989,8,550,1,Ayrton,Senna,SEN,01:09.1
1989,9,551,1,Ayrton,Senna,SEN,01:42.3
1989,10,552,1,Riccardo,Patrese,PAT,01:19.7
1989,11,553,1,Ayrton,Senna,SEN,01:50.9
1989,12,554,1,Ayrton,Senna,SEN,01:23.7
1989,13,555,1,Ayrton,Senna,SEN,01:15.5
1989,14,556,1,Ayrton,Senna,SEN,01:20.3
1989,15,557,1,Ayrton,Senna,SEN,01:38.0
1989,16,558,1,Ayrton,Senna,SEN,01:16.7
1988,1,527,1,Ayrton,Senna,SEN,01:28.1
1988,2,528,1,Ayrton,Senna,SEN,01:27.1
1988,3,529,1,Ayrton,Senna,SEN,01:24.0
1988,4,530,1,Ayrton,Senna,SEN,01:17.5
1988,5,531,1,Ayrton,Senna,SEN,01:21.7
1988,6,532,1,Ayrton,Senna,SEN,01:40.6
1988,7,533,1,Alain,Prost,PRO,01:07.6
1988,8,534,1,Gerhard,Berger,BER,01:10.1
1988,9,535,1,Ayrton,Senna,SEN,01:44.6
1988,10,536,1,Ayrton,Senna,SEN,01:27.6
1988,11,537,1,Ayrton,Senna,SEN,01:53.7
1988,12,538,1,Ayrton,Senna,SEN,01:26.0
1988,13,539,1,Alain,Prost,PRO,01:17.4
1988,14,540,1,Ayrton,Senna,SEN,01:24.1
1988,15,541,1,Ayrton,Senna,SEN,01:41.9
1988,16,542,1,Ayrton,Senna,SEN,01:17.7
1987,1,5,1,Nigel,Mansell,MAN,01:26.1
1987,4,514,1,Nigel,Mansell,MAN,01:23.0
1987,5,515,1,Nigel,Mansell,MAN,01:39.3
1987,6,516,1,Nigel,Mansell,MAN,01:06.5
1987,7,517,1,Nelson,Piquet,PIQ,01:07.1
1987,8,518,1,Nigel,Mansell,MAN,01:42.6
1987,9,519,1,Nigel,Mansell,MAN,01:28.0
1987,10,520,1,Nelson,Piquet,PIQ,01:23.4
1987,11,521,1,Nelson,Piquet,PIQ,01:23.5
1987,12,522,1,Gerhard,Berger,BER,01:17.6
1987,13,523,1,Nelson,Piquet,PIQ,01:22.5
1987,14,524,1,Nigel,Mansell,MAN,01:18.4
1987,15,525,1,Gerhard,Berger,BER,01:40.0
1987,16,526,1,Gerhard,Berger,BER,01:17.3
1987,2,6,1,Ayrton,Senna,SEN,01:25.8
1987,3,7,1,Nigel,Mansell,MAN,01:52.0
1986,1,498,1,Ayrton,Senna,SEN,01:25.5
1986,2,499,1,Ayrton,Senna,SEN,01:21.6
1986,3,500,1,Ayrton,Senna,SEN,01:25.1
1986,4,501,1,Alain,Prost,PRO,01:22.6
1986,5,502,1,Nelson,Piquet,PIQ,01:54.3
1986,6,503,1,Nigel,Mansell,MAN,01:24.1
1986,7,504,1,Ayrton,Senna,SEN,01:38.3
1986,8,505,1,Ayrton,Senna,SEN,01:06.5
1986,9,506,1,Nelson,Piquet,PIQ,01:07.0
1986,10,507,1,Keke,Rosberg,ROS,01:42.0
1986,11,508,1,Ayrton,Senna,SEN,01:29.5
1986,12,509,1,Teo,Fabi,FAB,01:23.5
1986,13,510,1,Teo,Fabi,FAB,01:24.1
1986,14,511,1,Ayrton,Senna,SEN,01:16.7
1986,15,512,1,Ayrton,Senna,SEN,01:17.0
1986,16,513,1,Nigel,Mansell,MAN,01:18.4
1985,1,482,1,Michele,Alboreto,ALB,01:27.8
1985,2,483,1,Ayrton,Senna,SEN,01:21.0
1985,3,484,1,Ayrton,Senna,SEN,01:27.3
1985,4,485,1,Ayrton,Senna,SEN,01:20.4
1985,5,486,1,Elio,de Angelis,DEA,01:24.6
1985,6,487,1,Ayrton,Senna,SEN,01:42.1
1985,7,488,1,Keke,Rosberg,ROS,01:32.5
1985,8,489,1,Keke,Rosberg,ROS,01:05.6
1985,9,490,1,Teo,Fabi,FAB,01:17.4
1985,10,491,1,Alain,Prost,PRO,01:25.5
1985,11,492,1,Nelson,Piquet,PIQ,01:11.1
1985,12,493,1,Ayrton,Senna,SEN,01:25.1
1985,13,494,1,Alain,Prost,PRO,01:55.3
1985,14,495,1,Ayrton,Senna,SEN,01:07.2
1985,15,496,1,Nigel,Mansell,MAN,01:02.4
1985,16,497,1,Ayrton,Senna,SEN,01:19.8
1984,1,466,1,Elio,de Angelis,DEA,01:28.4
1984,2,467,1,Nelson,Piquet,PIQ,01:04.9
1984,3,468,1,Michele,Alboreto,ALB,01:14.8
1984,4,469,1,Nelson,Piquet,PIQ,01:28.5
1984,5,470,1,Patrick,Tambay,TAM,01:02.2
1984,6,471,1,Alain,Prost,PRO,01:22.7
1984,7,472,1,Nelson,Piquet,PIQ,01:25.4
1984,8,473,1,Nelson,Piquet,PIQ,01:41.0
1984,9,474,1,Nigel,Mansell,MAN,01:37.0
1984,10,475,1,Nelson,Piquet,PIQ,01:10.9
1984,11,476,1,Alain,Prost,PRO,01:47.0
1984,12,477,1,Nelson,Piquet,PIQ,01:26.2
1984,13,478,1,Alain,Prost,PRO,01:13.6
1984,14,479,1,Nelson,Piquet,PIQ,01:26.6
1984,15,480,1,Nelson,Piquet,PIQ,01:18.9
1984,16,481,1,Nelson,Piquet,PIQ,01:21.7
1983,3,453,1,Alain,Prost,PRO,01:36.7
1983,4,454,1,Rene,Arnoux,ARN,01:31.2
1983,5,455,1,Alain,Prost,PRO,01:24.8
1983,6,456,1,Alain,Prost,PRO,02:04.6
1983,7,457,1,Rene,Arnoux,ARN,01:44.7
1983,8,458,1,Rene,Arnoux,ARN,01:28.7
1983,9,459,1,Rene,Arnoux,ARN,01:09.5
1983,10,460,1,Patrick,Tambay,TAM,01:49.3
1983,11,461,1,Patrick,Tambay,TAM,01:29.9
1983,12,462,1,Nelson,Piquet,PIQ,01:15.6
1983,13,463,1,Riccardo,Patrese,PAT,01:29.1
1983,14,464,1,Elio,de Angelis,DEA,01:12.1
1983,15,465,1,Patrick,Tambay,TAM,01:06.6
1983,1,8,1,Keke,Rosberg,ROS,01:34.5
1983,2,9,1,Patrick,Tambay,TAM,01:26.1
1982,1,437,1,Rene,Arnoux,ARN,01:06.4
1982,2,438,1,Alain,Prost,PRO,01:28.8
1982,3,439,1,Andrea,de Cesaris,DEC,01:27.3
1982,4,440,1,Rene,Arnoux,ARN,01:29.8
1982,5,441,1,Alain,Prost,PRO,01:15.7
1982,6,442,1,Rene,Arnoux,ARN,01:23.3
1982,7,443,1,Alain,Prost,PRO,01:48.5
1982,8,444,1,Didier,Pironi,PIR,01:27.5
1982,9,445,1,Rene,Arnoux,ARN,01:14.2
1982,10,446,1,Keke,Rosberg,ROS,01:09.5
1982,11,447,1,Rene,Arnoux,ARN,01:34.4
1982,12,448,1,Didier,Pironi,PIR,01:47.9
1982,13,449,1,Nelson,Piquet,PIQ,01:27.6
1982,14,450,1,Alain,Prost,PRO,01:01.4
1982,15,451,1,Mario,Andretti,AND,01:28.5
1982,16,452,1,Alain,Prost,PRO,01:16.4
1981,1,422,1,Riccardo,Patrese,PAT,01:19.4
1981,2,423,1,Nelson,Piquet,PIQ,01:35.1
1981,3,424,1,Nelson,Piquet,PIQ,01:42.7
1981,4,425,1,Gilles,Villeneuve,VIL,01:34.5
1981,5,426,1,Carlos,Reutemann,REU,01:22.3
1981,6,427,1,Nelson,Piquet,PIQ,01:25.7
1981,7,428,1,Jacques,Laffite,LAF,01:13.8
1981,8,429,1,Rene,Arnoux,ARN,01:06.0
1981,9,430,1,Rene,Arnoux,ARN,01:11.0
1981,10,431,1,Alain,Prost,PRO,01:47.5
1981,11,432,1,Rene,Arnoux,ARN,01:32.0
1981,12,433,1,Alain,Prost,PRO,01:18.2
1981,13,434,1,Rene,Arnoux,ARN,01:33.5
1981,14,435,1,Nelson,Piquet,PIQ,01:29.2
1981,15,436,1,Carlos,Reutemann,REU,01:17.8
1980,1,80,1,Alan,Jones,JON,01:44.2
1980,2,81,1,Jean-Pierre,Jabouille,JAB,02:21.4
1980,3,82,1,Jean-Pierre,Jabouille,JAB,01:10.0
1980,4,83,1,Nelson,Piquet,PIQ,01:17.7
1980,5,84,1,Alan,Jones,JON,01:19.1
1980,6,85,1,Didier,Pironi,PIR,01:24.8
1980,7,86,1,Jacques,Laffite,LAF,01:38.9
1980,8,87,1,Didier,Pironi,PIR,01:11.0
1980,9,88,1,Alan,Jones,JON,01:45.9
1980,10,89,1,Rene,Arnoux,ARN,01:30.3
1980,11,90,1,Rene,Arnoux,ARN,01:17.4
1980,12,91,1,Rene,Arnoux,ARN,01:34.0
1980,13,92,1,Nelson,Piquet,PIQ,01:27.3
1980,14,93,1,Bruno,Giacomelli,GIA,01:33.3
1979,1,407,1,Jacques,Laffite,LAF,01:44.2
1979,2,408,1,Jacques,Laffite,LAF,02:23.1
1979,3,409,1,Jean-Pierre,Jabouille,JAB,01:11.8
1979,4,410,1,Gilles,Villeneuve,VIL,01:18.8
1979,5,411,1,Jacques,Laffite,LAF,01:14.5
1979,6,412,1,Jacques,Laffite,LAF,01:21.1
1979,7,413,1,Jody,Scheckter,SCH,01:26.5
1979,8,414,1,Jean-Pierre,Jabouille,JAB,01:07.2
1979,9,415,1,Alan,Jones,JON,01:11.9
1979,10,416,1,Jean-Pierre,Jabouille,JAB,01:48.5
1979,11,417,1,Rene,Arnoux,ARN,01:34.1
1979,12,418,1,Rene,Arnoux,ARN,01:15.5
1979,13,419,1,Jean-Pierre,Jabouille,JAB,01:34.6
1979,14,420,1,Alan,Jones,JON,01:29.9
1979,15,421,1,Alan,Jones,JON,01:35.6
1978,1,391,1,Mario,Andretti,AND,01:47.8
1978,2,392,1,Ronnie,Peterson,PET,01:40.5
1978,3,393,1,Niki,Lauda,LAU,01:14.7
1978,4,394,1,Carlos,Reutemann,REU,01:20.6
1978,5,395,1,Carlos,Reutemann,REU,01:28.3
1978,6,396,1,Mario,Andretti,AND,01:20.9
1978,7,397,1,Mario,Andretti,AND,01:16.4
1978,8,398,1,Mario,Andretti,AND,01:22.1
1978,9,399,1,John,Watson,WAT,01:44.4
1978,10,400,1,Ronnie,Peterson,PET,01:16.8
1978,11,401,1,Mario,Andretti,AND,01:51.9
1978,12,402,1,Ronnie,Peterson,PET,01:37.7
1978,13,403,1,Mario,Andretti,AND,01:16.4
1978,14,404,1,Mario,Andretti,AND,01:37.5
1978,15,405,1,Mario,Andretti,AND,01:38.1
1978,16,406,1,Jean-Pierre,Jarier,JAR,01:38.0
1977,1,374,1,James,Hunt,HUN,01:48.7
1977,2,375,1,James,Hunt,HUN,02:30.1
1977,3,376,1,James,Hunt,HUN,01:16.0
1977,4,377,1,Niki,Lauda,LAU,01:21.6
1977,5,378,1,Mario,Andretti,AND,01:18.7
1977,6,379,1,John,Watson,WAT,01:29.9
1977,7,380,1,Mario,Andretti,AND,01:24.6
1977,8,381,1,Mario,Andretti,AND,01:25.4
1977,9,382,1,Mario,Andretti,AND,01:12.2
1977,10,383,1,James,Hunt,HUN,01:18.5
1977,11,384,1,Jody,Scheckter,SCH,01:53.1
1977,12,385,1,Niki,Lauda,LAU,01:39.3
1977,13,386,1,Mario,Andretti,AND,01:18.7
1977,14,387,1,James,Hunt,HUN,01:38.1
1977,15,388,1,James,Hunt,HUN,01:40.9
1977,16,389,1,Mario,Andretti,AND,01:11.4
1977,17,390,1,Mario,Andretti,AND,01:12.2
1976,1,358,1,James,Hunt,HUN,02:32.5
1976,2,359,1,James,Hunt,HUN,01:16.1
1976,3,360,1,Clay,Regazzoni,REG,01:23.1
1976,4,361,1,James,Hunt,HUN,01:18.5
1976,5,362,1,Niki,Lauda,LAU,01:26.6
1976,6,363,1,Niki,Lauda,LAU,01:29.7
1976,7,364,1,Jody,Scheckter,SCH,01:25.7
1976,8,365,1,James,Hunt,HUN,01:47.9
1976,9,366,1,Niki,Lauda,LAU,01:19.3
1976,10,367,1,James,Hunt,HUN,07:06.5
1976,11,368,1,James,Hunt,HUN,01:35.0
1976,12,369,1,Ronnie,Peterson,PET,01:21.3
1976,13,370,1,Jacques,Laffite,LAF,01:41.3
1976,14,371,1,James,Hunt,HUN,01:12.4
1976,15,372,1,James,Hunt,HUN,01:43.6
1976,16,373,1,Mario,Andretti,AND,01:12.8
1975,1,344,1,Jean-Pierre,Jarier,JAR,01:49.2
1975,2,345,1,Jean-Pierre,Jarier,JAR,02:29.9
1975,3,346,1,Carlos,Pace,PAC,01:16.4
1975,4,347,1,Niki,Lauda,LAU,01:23.4
1975,5,348,1,Niki,Lauda,LAU,01:26.4
1975,6,349,1,Niki,Lauda,LAU,01:25.4
1975,7,350,1,Vittorio,Brambilla,BRA,01:24.6
1975,8,351,1,Niki,Lauda,LAU,01:20.3
1975,9,352,1,Niki,Lauda,LAU,01:47.8
1975,10,353,1,Tom,Pryce,PRY,01:19.4
1975,11,354,1,Niki,Lauda,LAU,06:58.6
1975,12,355,1,Niki,Lauda,LAU,01:34.9
1975,13,356,1,Niki,Lauda,LAU,01:32.2
1975,14,357,1,Niki,Lauda,LAU,01:42.0
1974,1,329,1,Ronnie,Peterson,PET,01:50.8
1974,2,330,1,Emerson,Fittipaldi,FIT,02:33.0
1974,3,331,1,Niki,Lauda,LAU,01:16.6
1974,4,332,1,Niki,Lauda,LAU,01:18.4
1974,5,333,1,Clay,Regazzoni,REG,01:09.8
1974,6,334,1,Niki,Lauda,LAU,01:26.3
1974,7,335,1,Patrick,Depailler,DEP,01:24.8
1974,8,336,1,Niki,Lauda,LAU,01:18.3
1974,9,337,1,Niki,Lauda,LAU,58.79
1974,10,338,1,Niki,Lauda,LAU,01:19.7
1974,11,339,1,Niki,Lauda,LAU,07:00.8
1974,12,340,1,Niki,Lauda,LAU,01:35.4
1974,13,341,1,Niki,Lauda,LAU,01:33.2
1974,14,342,1,Emerson,Fittipaldi,FIT,01:13.2
1974,15,343,1,Carlos,Reutemann,REU,01:39.0
1973,1,314,1,Clay,Regazzoni,REG,01:10.5
1973,2,315,1,Ronnie,Peterson,PET,02:30.5
1973,3,316,1,Denny,Hulme,HUL,01:16.3
1973,4,317,1,Ronnie,Peterson,PET,01:21.8
1973,5,318,1,Ronnie,Peterson,PET,01:22.5
1973,6,319,1,Jackie,Stewart,STE,01:27.5
1973,7,320,1,Ronnie,Peterson,PET,01:23.8
1973,8,321,1,Jackie,Stewart,STE,01:48.4
1973,9,322,1,Ronnie,Peterson,PET,01:16.3
1973,10,323,1,Ronnie,Peterson,PET,01:19.5
1973,11,324,1,Jackie,Stewart,STE,07:07.8
1973,12,325,1,Emerson,Fittipaldi,FIT,01:35.0
1973,13,326,1,Ronnie,Peterson,PET,01:34.8
1973,14,327,1,Ronnie,Peterson,PET,01:13.7
1973,15,328,1,Ronnie,Peterson,PET,01:39.7
1972,1,302,1,Carlos,Reutemann,REU,01:12.5
1972,2,303,1,Jackie,Stewart,STE,01:17.0
1972,3,304,1,Jacky,Ickx,ICK,01:18.4
1972,4,305,1,Emerson,Fittipaldi,FIT,01:21.4
1972,5,306,1,Emerson,Fittipaldi,FIT,01:11.4
1972,6,307,1,Chris,Amon,AMO,02:53.4
1972,7,308,1,Jacky,Ickx,ICK,01:22.2
1972,8,309,1,Jacky,Ickx,ICK,07:07.0
1972,9,310,1,Emerson,Fittipaldi,FIT,01:36.0
1972,10,311,1,Jacky,Ickx,ICK,01:35.7
1972,11,312,1,Peter,Revson,REV,01:13.6
1972,12,313,1,Jackie,Stewart,STE,01:40.5
1971,1,291,1,Jackie,Stewart,STE,01:17.8
1971,2,292,1,Jacky,Ickx,ICK,01:25.9
1971,3,293,1,Jackie,Stewart,STE,01:23.2
1971,4,294,1,Jacky,Ickx,ICK,01:17.4
1971,5,295,1,Jackie,Stewart,STE,01:50.7
1971,6,296,1,Clay,Regazzoni,REG,01:18.1
1971,7,297,1,Jackie,Stewart,STE,07:19.0
1971,8,298,1,Jo,Siffert,SIF,01:37.4
1971,9,299,1,Chris,Amon,AMO,01:22.4
1971,10,300,1,Jackie,Stewart,STE,01:15.3
1971,11,301,1,Jackie,Stewart,STE,01:42.6
1970,1,278,1,Jackie,Stewart,STE,01:19.3
1970,2,279,1,Jack,Brabham,BRA,01:23.9
1970,3,280,1,Jackie,Stewart,STE,01:24.0
1970,4,281,1,Jackie,Stewart,STE,03:28.0
1970,5,282,1,Jochen,Rindt,RIN,01:18.5
1970,6,283,1,Jacky,Ickx,ICK,02:58.2
1970,7,284,1,Jochen,Rindt,RIN,01:24.8
1970,8,285,1,Jacky,Ickx,ICK,01:59.5
1970,9,286,1,Jochen,Rindt,RIN,01:39.2
1970,10,287,1,Jacky,Ickx,ICK,01:24.1
1970,11,288,1,Jackie,Stewart,STE,01:31.5
1970,12,289,1,Jacky,Ickx,ICK,01:03.1
1970,13,290,1,Clay,Regazzoni,REG,01:41.9
1969,1,267,1,Jack,Brabham,BRA,01:20.0
1969,2,268,1,Jochen,Rindt,RIN,01:25.7
1969,3,269,1,Jackie,Stewart,STE,01:24.6
1969,4,270,1,Jochen,Rindt,RIN,01:20.8
1969,5,271,1,Jackie,Stewart,STE,03:00.6
1969,6,272,1,Jochen,Rindt,RIN,01:20.8
1969,7,273,1,Jacky,Ickx,ICK,07:42.1
1969,8,274,1,Jochen,Rindt,RIN,01:25.5
1969,9,275,1,Jacky,Ickx,ICK,01:17.4
1969,10,276,1,Jochen,Rindt,RIN,01:03.6
1969,11,277,1,Jack,Brabham,BRA,01:42.9
1968,1,255,1,Jim,Clark,CLA,01:21.6
1968,2,256,1,Chris,Amon,AMO,01:27.9
1968,3,257,1,Graham,Hill,HIL,01:28.2
1968,4,258,1,Chris,Amon,AMO,03:28.6
1968,5,259,1,Chris,Amon,AMO,01:23.5
1968,6,260,1,Jochen,Rindt,RIN,01:56.1
1968,7,261,1,Graham,Hill,HIL,01:28.9
1968,8,262,1,Jacky,Ickx,ICK,09:04.0
1968,9,263,1,John,Surtees,SUR,01:26.1
1968,10,264,1,Jochen,Rindt,RIN,01:33.8
1968,11,265,1,Mario,Andretti,AND,01:04.2
1968,12,266,1,Jo,Siffert,SIF,01:45.2
1967,1,244,1,Jack,Brabham,BRA,01:28.3
1967,2,245,1,Jack,Brabham,BRA,01:27.6
1967,3,246,1,Graham,Hill,HIL,01:24.6
1967,4,247,1,Jim,Clark,CLA,03:28.1
1967,5,248,1,Graham,Hill,HIL,01:36.2
1967,6,249,1,Jim,Clark,CLA,01:25.3
1967,7,250,1,Jim,Clark,CLA,08:04.1
1967,8,251,1,Jim,Clark,CLA,01:22.4
1967,9,252,1,Jim,Clark,CLA,01:28.5
1967,10,253,1,Graham,Hill,HIL,01:05.5
1967,11,254,1,Jim,Clark,CLA,01:47.6
1966,1,235,1,Jim,Clark,CLA,01:29.9
1966,2,236,1,John,Surtees,SUR,03:38.0
1966,3,237,1,Lorenzo,Bandini,BAN,02:07.8
1966,4,238,1,Jack,Brabham,BRA,01:34.5
1966,5,239,1,Jack,Brabham,BRA,01:28.1
1966,6,240,1,Jim,Clark,CLA,08:16.5
1966,7,241,1,Mike,Parkes,PAR,01:31.3
1966,8,242,1,Jack,Brabham,BRA,01:08.4
1966,9,243,1,John,Surtees,SUR,01:53.2
1965,1,225,1,Jim,Clark,CLA,01:27.2
1965,2,226,1,Graham,Hill,HIL,01:32.5
1965,3,227,1,Graham,Hill,HIL,03:45.4
1965,4,228,1,Jim,Clark,CLA,03:18.3
1965,5,229,1,Jim,Clark,CLA,01:30.8
1965,6,230,1,Graham,Hill,HIL,01:30.7
1965,7,231,1,Jim,Clark,CLA,08:22.7
1965,8,232,1,Jim,Clark,CLA,01:35.9
1965,9,233,1,Graham,Hill,HIL,01:11.2
1965,10,234,1,Jim,Clark,CLA,01:56.2
1964,1,215,1,Jim,Clark,CLA,01:34.0
1964,2,216,1,Dan,Gurney,GUR,01:31.2
1964,3,217,1,Dan,Gurney,GUR,03:50.9
1964,4,218,1,Jim,Clark,CLA,02:09.6
1964,5,219,1,Jim,Clark,CLA,01:38.1
1964,6,220,1,John,Surtees,SUR,08:38.4
1964,7,221,1,Graham,Hill,HIL,01:09.8
1964,8,222,1,John,Surtees,SUR,01:37.4
1964,9,223,1,Jim,Clark,CLA,01:12.6
1964,10,224,1,Jim,Clark,CLA,01:57.2
1963,1,205,1,Jim,Clark,CLA,01:34.3
1963,2,206,1,Graham,Hill,HIL,03:54.1
1963,3,207,1,Jim,Clark,CLA,01:31.6
1963,4,208,1,Jim,Clark,CLA,02:20.2
1963,5,209,1,Jim,Clark,CLA,01:34.4
1963,6,210,1,Jim,Clark,CLA,08:45.8
1963,7,211,1,John,Surtees,SUR,01:37.3
1963,8,212,1,Graham,Hill,HIL,01:13.4
1963,9,213,1,Jim,Clark,CLA,01:58.8
1963,10,214,1,Jim,Clark,CLA,01:28.9
1962,1,196,1,John,Surtees,SUR,01:32.5
1962,2,197,1,Jim,Clark,CLA,01:35.4
1962,3,198,1,Graham,Hill,HIL,03:57.0
1962,4,199,1,Jim,Clark,CLA,02:14.8
1962,5,200,1,Jim,Clark,CLA,01:53.6
1962,6,201,1,Dan,Gurney,GUR,08:47.2
1962,7,202,1,Jim,Clark,CLA,01:40.4
1962,8,203,1,Jim,Clark,CLA,01:15.8
1962,9,204,1,Jim,Clark,CLA,01:29.3
1961,1,188,1,Stirling,Moss,MOS,01:39.1
1961,2,189,1,Phil,Hill,HIL,01:35.7
1961,3,190,1,Phil,Hill,HIL,03:59.3
1961,4,191,1,Phil,Hill,HIL,02:24.9
1961,5,192,1,Phil,Hill,HIL,01:58.8
1961,6,193,1,Phil,Hill,HIL,08:55.2
1961,7,194,1,Wolfgang,von Trips,VON,02:46.3
1961,8,195,1,Jack,Brabham,BRA,01:17.0
1960,1,178,1,Stirling,Moss,MOS,01:36.9
1960,2,179,1,Stirling,Moss,MOS,01:36.3
1960,3,180,1,Eddie,Sachs,SAC,04:05.6
1960,4,181,1,Stirling,Moss,MOS,01:33.2
1960,5,182,1,Jack,Brabham,BRA,03:50.0
1960,6,183,1,Jack,Brabham,BRA,02:16.8
1960,7,184,1,Jack,Brabham,BRA,01:34.6
1960,8,185,1,John,Surtees,SUR,02:25.6
1960,9,186,1,Phil,Hill,HIL,02:41.4
1960,10,187,1,Stirling,Moss,MOS,01:54.4
1959,1,169,1,Stirling,Moss,MOS,01:39.6
1959,2,170,1,Johnny,Thomson,THO,04:06.7
1959,3,171,1,Jo,Bonnier,BON,01:36.0
1959,4,172,1,Tony,Brooks,BRO,02:19.4
1959,5,173,1,Jack,Brabham,BRA,01:58.0
1959,6,174,1,Tony,Brooks,BRO,02:05.9
1959,7,175,1,Stirling,Moss,MOS,02:02.9
1959,8,176,1,Stirling,Moss,MOS,01:39.7
1959,9,177,1,Stirling,Moss,MOS,03:00.0
1958,1,158,1,Juan Manuel,Fangio,FAN,01:42.0
1958,2,159,1,Tony,Brooks,BRO,01:39.8
1958,3,160,1,Stuart,Lewis-Evans,LEW,01:37.1
1958,4,161,1,Dick,Rathmann,RAT,04:06.6
1958,5,162,1,Mike,Hawthorn,HAW,03:57.1
1958,6,163,1,Mike,Hawthorn,HAW,02:21.7
1958,7,164,1,Stirling,Moss,MOS,01:39.4
1958,8,165,1,Mike,Hawthorn,HAW,09:14.0
1958,9,166,1,Stirling,Moss,MOS,02:34.2
1958,10,167,1,Stirling,Moss,MOS,01:40.5
1958,11,168,1,Mike,Hawthorn,HAW,02:23.1
1957,1,150,1,Stirling,Moss,MOS,01:42.6
1957,2,151,1,Juan Manuel,Fangio,FAN,01:42.7
1957,3,152,1,Pat,O'Connor,O'C,04:10.1
1957,4,153,1,Juan Manuel,Fangio,FAN,02:21.5
1957,5,154,1,Stirling,Moss,MOS,02:00.2
1957,6,155,1,Juan Manuel,Fangio,FAN,09:25.6
1957,7,156,1,Juan Manuel,Fangio,FAN,09:44.6
1957,8,157,1,Stuart,Lewis-Evans,LEW,01:42.4
1956,1,142,1,Juan Manuel,Fangio,FAN,01:42.5
1956,2,143,1,Juan Manuel,Fangio,FAN,01:44.0
1956,3,144,1,Pat,Flaherty,FLA,04:07.3
1956,4,145,1,Juan Manuel,Fangio,FAN,04:09.8
1956,5,146,1,Juan Manuel,Fangio,FAN,02:23.3
1956,6,147,1,Stirling,Moss,MOS,01:41.0
1956,7,148,1,Juan Manuel,Fangio,FAN,09:51.2
1956,8,149,1,Juan Manuel,Fangio,FAN,02:42.6
1955,1,135,1,Jose Froilan,Gonzalez,GON,01:43.1
1955,2,136,1,Juan Manuel,Fangio,FAN,01:41.1
1955,3,137,1,Jerry,Hoyt,HOY,04:17.1
1955,4,138,1,Eugenio,Castellotti,CAS,04:18.1
1955,5,139,1,Juan Manuel,Fangio,FAN,01:40.0
1955,6,140,1,Stirling,Moss,MOS,02:00.4
1955,7,141,1,Juan Manuel,Fangio,FAN,02:46.5
1954,1,126,1,Nino,Farina,FAR,01:44.8
1954,2,127,1,Jack,McGrath,MCG,04:15.3
1954,3,128,1,Juan Manuel,Fangio,FAN,04:22.1
1954,4,129,1,Juan Manuel,Fangio,FAN,02:29.4
1954,5,130,1,Juan Manuel,Fangio,FAN,01:45.0
1954,6,131,1,Juan Manuel,Fangio,FAN,09:50.1
1954,7,132,1,Jose Froilan,Gonzalez,GON,02:39.5
1954,8,133,1,Juan Manuel,Fangio,FAN,01:59.0
1954,9,134,1,Alberto,Ascari,ASC,02:18.1
1953,1,117,1,Alberto,Ascari,ASC,01:55.4
1953,2,118,1,Bill,Vukovich,VUK,04:20.1
1953,3,119,1,Alberto,Ascari,ASC,01:51.1
1953,4,120,1,Juan Manuel,Fangio,FAN,04:30.0
1953,5,121,1,Alberto,Ascari,ASC,02:41.2
1953,6,122,1,Alberto,Ascari,ASC,01:48.0
1953,7,123,1,Alberto,Ascari,ASC,09:59.8
1953,8,124,1,Juan Manuel,Fangio,FAN,02:40.1
1953,9,125,1,Alberto,Ascari,ASC,02:02.7
1952,1,109,1,Nino,Farina,FAR,02:47.5
1952,2,110,1,Fred,Agabashian,AGA,04:20.9
1952,3,111,1,Alberto,Ascari,ASC,04:37.0
1952,4,112,1,Alberto,Ascari,ASC,02:14.8
1952,5,113,1,Nino,Farina,FAR,01:50.0
1952,6,114,1,Alberto,Ascari,ASC,10:04.4
1952,7,115,1,Alberto,Ascari,ASC,01:46.5
1952,8,116,1,Alberto,Ascari,ASC,02:05.7
1951,1,101,1,Juan Manuel,Fangio,FAN,02:35.9
1951,2,102,1,Duke,Nalon,NAL,04:23.7
1951,3,103,1,Juan Manuel,Fangio,FAN,04:25.0
1951,4,104,1,Juan Manuel,Fangio,FAN,02:25.7
1951,5,105,1,Jose Froilan,Gonzalez,GON,01:43.4
1951,6,106,1,Alberto,Ascari,ASC,09:55.8
1951,7,107,1,Juan Manuel,Fangio,FAN,01:53.2
1951,8,108,1,Alberto,Ascari,ASC,02:10.6
1950,7,100,1,Juan Manuel,Fangio,FAN,01:58.6
1950,1,94,1,Nino,Farina,FAR,01:50.8
1950,2,95,1,Juan Manuel,Fangio,FAN,01:50.2
1950,3,96,1,Walt,Faulkner,FAU,04:28.0
1950,4,97,1,Juan Manuel,Fangio,FAN,02:42.1
1950,5,98,1,Nino,Farina,FAR,04:37.0
1950,6,99,1,Juan Manuel,Fangio,FAN,02:30.6
